x;y
5.219803e+001;3.673658e-002
5.412655e+001;3.584015e-002
5.605507e+001;3.467895e-002
5.798358e+001;3.349782e-002
5.991209e+001;3.232031e-002
6.184061e+001;3.109833e-002
6.376913e+001;2.984890e-002
6.569764e+001;2.861837e-002
6.762616e+001;2.738716e-002
6.955467e+001;2.611117e-002
7.148319e+001;2.479398e-002
7.341171e+001;2.345565e-002
7.534023e+001;2.212571e-002
7.726874e+001;2.087027e-002
7.919725e+001;1.976040e-002
8.112577e+001;1.883829e-002
8.305428e+001;1.808769e-002
8.498280e+001;1.743011e-002
8.691132e+001;1.680872e-002
8.883984e+001;1.625513e-002
9.076835e+001;1.583839e-002
9.269686e+001;1.555253e-002
9.462538e+001;1.530668e-002
9.655389e+001;1.505650e-002
9.848241e+001;1.485190e-002
1.004109e+002;1.472287e-002
1.023394e+002;1.462001e-002
1.042680e+002;1.449498e-002
1.061965e+002;1.436497e-002
1.081250e+002;1.425696e-002
1.100535e+002;1.414719e-002
1.119820e+002;1.401491e-002
1.139105e+002;1.389234e-002
1.158391e+002;1.380652e-002
1.177676e+002;1.373550e-002
1.196961e+002;1.365774e-002
1.216246e+002;1.358967e-002
1.235531e+002;1.354112e-002
1.254816e+002;1.348657e-002
1.274101e+002;1.341176e-002
1.293387e+002;1.333800e-002
1.312672e+002;1.328343e-002
1.331957e+002;1.325079e-002
1.351242e+002;1.327703e-002
1.370527e+002;1.343542e-002
1.389812e+002;1.374025e-002
1.409098e+002;1.407961e-002
1.428383e+002;1.426561e-002
1.447668e+002;1.416674e-002
1.466953e+002;1.381639e-002
1.486238e+002;1.337817e-002
1.505523e+002;1.300333e-002
1.524809e+002;1.273614e-002
1.544094e+002;1.252972e-002
1.563379e+002;1.231593e-002
1.582664e+002;1.205760e-002
1.601949e+002;1.176456e-002
1.621234e+002;1.146482e-002
1.640519e+002;1.115736e-002
1.659805e+002;1.083939e-002
1.679090e+002;1.055688e-002
1.698375e+002;1.036029e-002
1.717660e+002;1.024838e-002
1.736945e+002;1.019514e-002
1.756230e+002;1.017542e-002
1.775516e+002;1.015353e-002
1.794801e+002;1.010768e-002
1.814086e+002;1.006362e-002
1.833371e+002;1.005289e-002
1.852656e+002;1.006113e-002
1.871941e+002;1.006486e-002
1.891227e+002;1.007429e-002
1.910512e+002;1.010923e-002
1.929797e+002;1.018024e-002
1.949082e+002;1.028161e-002
1.968367e+002;1.037367e-002
1.987652e+002;1.040070e-002
2.006937e+002;1.032156e-002
2.026223e+002;1.013205e-002
2.045508e+002;9.893823e-003
2.064793e+002;9.702936e-003
2.084078e+002;9.596696e-003
2.103363e+002;9.531122e-003
2.122648e+002;9.471748e-003
2.141934e+002;9.461137e-003
2.161219e+002;9.553457e-003
2.180504e+002;9.708375e-003
2.199789e+002;9.816132e-003
2.219074e+002;9.813789e-003
2.238359e+002;9.727130e-003
2.257645e+002;9.629581e-003
2.276930e+002;9.580655e-003
2.296215e+002;9.568636e-003
2.315500e+002;9.507190e-003
2.334785e+002;9.317394e-003
2.354070e+002;9.022176e-003
2.373355e+002;8.732026e-003
2.392641e+002;8.529194e-003
2.411926e+002;8.402091e-003
2.431211e+002;8.306058e-003
2.450496e+002;8.237675e-003
2.469781e+002;8.214378e-003
2.489066e+002;8.240866e-003
2.508352e+002;8.316558e-003
2.527637e+002;8.427734e-003
2.546922e+002;8.552891e-003
2.566207e+002;8.679908e-003
2.585492e+002;8.786147e-003
2.604778e+002;8.842779e-003
2.624063e+002;8.843279e-003
2.643348e+002;8.784350e-003
2.662633e+002;8.654898e-003
2.681918e+002;8.483378e-003
2.701203e+002;8.341799e-003
2.720488e+002;8.253796e-003
2.739774e+002;8.164356e-003
2.759059e+002;8.047711e-003
2.778344e+002;7.959205e-003
2.797629e+002;7.950928e-003
2.816914e+002;8.008430e-003
2.836199e+002;8.068575e-003
2.855484e+002;8.051323e-003
2.874770e+002;7.927174e-003
2.894055e+002;7.771491e-003
2.913340e+002;7.684916e-003
2.932625e+002;7.682393e-003
2.951910e+002;7.716557e-003
2.971195e+002;7.759309e-003
2.990481e+002;7.818319e-003
3.009766e+002;7.898135e-003
3.029051e+002;7.970501e-003
3.048336e+002;8.011649e-003
3.067621e+002;8.037856e-003
3.086906e+002;8.079749e-003
3.106191e+002;8.160813e-003
3.125477e+002;8.284587e-003
3.144762e+002;8.426787e-003
3.164047e+002;8.572340e-003
3.183332e+002;8.740771e-003
3.202617e+002;8.963849e-003
3.221902e+002;9.260772e-003
3.241187e+002;9.607671e-003
3.260473e+002;9.923434e-003
3.279758e+002;1.012067e-002
3.299043e+002;1.016813e-002
3.318328e+002;1.009617e-002
3.337614e+002;9.948574e-003
3.356898e+002;9.751786e-003
3.376184e+002;9.547792e-003
3.395469e+002;9.395719e-003
3.414754e+002;9.292698e-003
3.434039e+002;9.175481e-003
3.453324e+002;9.039631e-003
3.472610e+002;8.957181e-003
3.491895e+002;8.960461e-003
3.511180e+002;9.010774e-003
3.530465e+002;9.081502e-003
3.549750e+002;9.186337e-003
3.569035e+002;9.318613e-003
3.588320e+002;9.407167e-003
3.607606e+002;9.366324e-003
3.626891e+002;9.209603e-003
3.646176e+002;9.063191e-003
3.665461e+002;9.016302e-003
3.684746e+002;9.024034e-003
3.704031e+002;8.995967e-003
3.723317e+002;8.901937e-003
3.742602e+002;8.785692e-003
3.761887e+002;8.726865e-003
3.781172e+002;8.743223e-003
3.800457e+002;8.745169e-003
3.819742e+002;8.677323e-003
3.839027e+002;8.614823e-003
3.858313e+002;8.644404e-003
3.877598e+002;8.792057e-003
3.896883e+002;9.069875e-003
3.916168e+002;9.434698e-003
3.935453e+002;9.744323e-003
3.954738e+002;9.861981e-003
3.974024e+002;9.750191e-003
3.993309e+002;9.447181e-003
4.012594e+002;9.034273e-003
4.031879e+002;8.615509e-003
4.051164e+002;8.269477e-003
4.070450e+002;8.021472e-003
4.089734e+002;7.870127e-003
4.109020e+002;7.801673e-003
4.128305e+002;7.768064e-003
4.147590e+002;7.716778e-003
4.166875e+002;7.660820e-003
4.186160e+002;7.655215e-003
4.205446e+002;7.705144e-003
4.224731e+002;7.771065e-003
4.244016e+002;7.848972e-003
4.263301e+002;7.959876e-003
4.282586e+002;8.077997e-003
4.301871e+002;8.149872e-003
4.321156e+002;8.175965e-003
4.340442e+002;8.197003e-003
4.359727e+002;8.213256e-003
4.379012e+002;8.208081e-003
4.398297e+002;8.206144e-003
4.417582e+002;8.222427e-003
4.436867e+002;8.225974e-003
4.456153e+002;8.188210e-003
4.475438e+002;8.108830e-003
4.494723e+002;7.998854e-003
4.514008e+002;7.862492e-003
4.533293e+002;7.709910e-003
4.552578e+002;7.575969e-003
4.571863e+002;7.486616e-003
4.591149e+002;7.427937e-003
4.610434e+002;7.370986e-003
4.629719e+002;7.297175e-003
4.649004e+002;7.204270e-003
4.668289e+002;7.107579e-003
4.687574e+002;7.033985e-003
4.706860e+002;6.993648e-003
4.726145e+002;6.960582e-003
4.745430e+002;6.905111e-003
4.764715e+002;6.831344e-003
4.784000e+002;6.761689e-003
4.803286e+002;6.701540e-003
4.822570e+002;6.649410e-003
4.841856e+002;6.637317e-003
4.861141e+002;6.705041e-003
4.880426e+002;6.822295e-003
4.899711e+002;6.911253e-003
4.918996e+002;6.962422e-003
4.938282e+002;7.050020e-003
4.957567e+002;7.193428e-003
4.976852e+002;7.301801e-003
4.996137e+002;7.309032e-003
5.015422e+002;7.236789e-003
5.034707e+002;7.109202e-003
5.053992e+002;6.942394e-003
5.073278e+002;6.799178e-003
5.092563e+002;6.746061e-003
5.111848e+002;6.773500e-003
5.131133e+002;6.820227e-003
5.150418e+002;6.849980e-003
5.169703e+002;6.877230e-003
5.188989e+002;6.927954e-003
5.208274e+002;6.982392e-003
5.227559e+002;7.019657e-003
5.246844e+002;7.111374e-003
5.266129e+002;7.366765e-003
5.285414e+002;7.827776e-003
5.304700e+002;8.506868e-003
5.323984e+002;9.469941e-003
5.343270e+002;1.086176e-002
5.362555e+002;1.288989e-002
5.381840e+002;1.578020e-002
5.401125e+002;1.971435e-002
5.420410e+002;2.463426e-002
5.439695e+002;2.995516e-002
5.458981e+002;3.451964e-002
5.478266e+002;3.686945e-002
5.497551e+002;3.582881e-002
5.516836e+002;3.136086e-002
5.536121e+002;2.492947e-002
5.555406e+002;1.866742e-002
5.574692e+002;1.403628e-002
5.593977e+002;1.125057e-002
5.613262e+002;9.745453e-003
5.632547e+002;8.901898e-003
5.651832e+002;8.356232e-003
5.671118e+002;7.971013e-003
5.690403e+002;7.737432e-003
5.709688e+002;7.669105e-003
5.728973e+002;7.755803e-003
5.748258e+002;7.975321e-003
5.767543e+002;8.267386e-003
5.786829e+002;8.546503e-003
5.806114e+002;8.771431e-003
5.825399e+002;8.929059e-003
5.844684e+002;8.971533e-003
5.863969e+002;8.835348e-003
5.883254e+002;8.535718e-003
5.902540e+002;8.200831e-003
5.921824e+002;7.933674e-003
5.941110e+002;7.684244e-003
5.960395e+002;7.369495e-003
5.979680e+002;7.044919e-003
5.998965e+002;6.827717e-003
6.018250e+002;6.721969e-003
6.037535e+002;6.643753e-003
6.056821e+002;6.559116e-003
6.076106e+002;6.501007e-003
6.095391e+002;6.491912e-003
6.114676e+002;6.521263e-003
6.133961e+002;6.579590e-003
6.153246e+002;6.650914e-003
6.172532e+002;6.699505e-003
6.191817e+002;6.707866e-003
6.211102e+002;6.686467e-003
6.230387e+002;6.632140e-003
6.249672e+002;6.520058e-003
6.268958e+002;6.361638e-003
6.288243e+002;6.227218e-003
6.307527e+002;6.159855e-003
6.326813e+002;6.132364e-003
6.346098e+002;6.123462e-003
6.365383e+002;6.146235e-003
6.384669e+002;6.197067e-003
6.403953e+002;6.242773e-003
6.423239e+002;6.243903e-003
6.442524e+002;6.192339e-003
6.461809e+002;6.147303e-003
6.481094e+002;6.170376e-003
6.500379e+002;6.243312e-003
6.519664e+002;6.339285e-003
6.538950e+002;6.480550e-003
6.558235e+002;6.668542e-003
6.577520e+002;6.903303e-003
6.596805e+002;7.272634e-003
6.616090e+002;7.903465e-003
6.635375e+002;8.859879e-003
6.654661e+002;1.008668e-002
6.673946e+002;1.134023e-002
6.693231e+002;1.223518e-002
6.712516e+002;1.248417e-002
6.731801e+002;1.207104e-002
6.751086e+002;1.120487e-002
6.770372e+002;1.017741e-002
6.789656e+002;9.230089e-003
6.808942e+002;8.480312e-003
6.828227e+002;7.932922e-003
6.847512e+002;7.537290e-003
6.866797e+002;7.239894e-003
6.886082e+002;7.006734e-003
6.905367e+002;6.799025e-003
6.924653e+002;6.584619e-003
6.943938e+002;6.404701e-003
6.963223e+002;6.325643e-003
6.982508e+002;6.314084e-003
7.001793e+002;6.283074e-003
7.021078e+002;6.219923e-003
7.040364e+002;6.160926e-003
7.059649e+002;6.115576e-003
7.078934e+002;6.082570e-003
7.098219e+002;6.078222e-003
7.117504e+002;6.100778e-003
7.136790e+002;6.108695e-003
7.156075e+002;6.075589e-003
7.175360e+002;6.019018e-003
7.194645e+002;5.964500e-003
7.213930e+002;5.932730e-003
7.233215e+002;5.931885e-003
7.252501e+002;5.937059e-003
7.271786e+002;5.917285e-003
7.291071e+002;5.877420e-003
7.310356e+002;5.847776e-003
7.329641e+002;5.843711e-003
7.348926e+002;5.844813e-003
7.368212e+002;5.818521e-003
7.387496e+002;5.759705e-003
7.406782e+002;5.694387e-003
7.426067e+002;5.656933e-003
7.445352e+002;5.661739e-003
7.464637e+002;5.689763e-003
7.483922e+002;5.708519e-003
7.503207e+002;5.706304e-003
7.522493e+002;5.700798e-003
7.541778e+002;5.712054e-003
7.561063e+002;5.747966e-003
7.580348e+002;5.799624e-003
7.599633e+002;5.827107e-003
7.618918e+002;5.799473e-003
7.638204e+002;5.740569e-003
7.657489e+002;5.691109e-003
7.676774e+002;5.665831e-003
7.696059e+002;5.658933e-003
7.715344e+002;5.662148e-003
7.734630e+002;5.669204e-003
7.753915e+002;5.671227e-003
7.773199e+002;5.666609e-003
7.792485e+002;5.663218e-003
7.811770e+002;5.655667e-003
7.831055e+002;5.641734e-003
7.850341e+002;5.641715e-003
7.869625e+002;5.660964e-003
7.888911e+002;5.676141e-003
7.908196e+002;5.665109e-003
7.927481e+002;5.629380e-003
7.946766e+002;5.597751e-003
7.966051e+002;5.585793e-003
7.985336e+002;5.573677e-003
8.004622e+002;5.558199e-003
8.023907e+002;5.554530e-003
8.043192e+002;5.553689e-003
8.062477e+002;5.554088e-003
8.081762e+002;5.569769e-003
8.101047e+002;5.584484e-003
8.120333e+002;5.578133e-003
8.139618e+002;5.568868e-003
8.158903e+002;5.569904e-003
8.178188e+002;5.555882e-003
8.197473e+002;5.515450e-003
8.216758e+002;5.485723e-003
8.236044e+002;5.503571e-003
8.255328e+002;5.553643e-003
8.274614e+002;5.581502e-003
8.293899e+002;5.563173e-003
8.313184e+002;5.535480e-003
8.332469e+002;5.543510e-003
8.351754e+002;5.584321e-003
8.371039e+002;5.616453e-003
8.390325e+002;5.623003e-003
8.409610e+002;5.626306e-003
8.428895e+002;5.636871e-003
8.448180e+002;5.645755e-003
8.467465e+002;5.661525e-003
8.486750e+002;5.710279e-003
8.506036e+002;5.795345e-003
8.525321e+002;5.881723e-003
8.544606e+002;5.951678e-003
8.563891e+002;6.021907e-003
8.583176e+002;6.086268e-003
8.602462e+002;6.107655e-003
8.621747e+002;6.070520e-003
8.641032e+002;6.016481e-003
8.660317e+002;5.999899e-003
8.679602e+002;6.011809e-003
8.698887e+002;5.996330e-003
8.718173e+002;5.934813e-003
8.737458e+002;5.870234e-003
8.756743e+002;5.843517e-003
8.776028e+002;5.840966e-003
8.795313e+002;5.839068e-003
8.814598e+002;5.844160e-003
8.833884e+002;5.848316e-003
8.853168e+002;5.828679e-003
8.872454e+002;5.796137e-003
8.891739e+002;5.780014e-003
8.911024e+002;5.782944e-003
8.930309e+002;5.780155e-003
8.949594e+002;5.754735e-003
8.968879e+002;5.710199e-003
8.988165e+002;5.642757e-003
9.007450e+002;5.559491e-003
9.026735e+002;5.511687e-003
9.046020e+002;5.527481e-003
9.065305e+002;5.568573e-003
9.084590e+002;5.602789e-003
9.103876e+002;5.636145e-003
9.123161e+002;5.666989e-003
9.142446e+002;5.672773e-003
9.161731e+002;5.642784e-003
9.181016e+002;5.597818e-003
9.200302e+002;5.582909e-003
9.219587e+002;5.626812e-003
9.238871e+002;5.694482e-003
9.258157e+002;5.733382e-003
9.277442e+002;5.745898e-003
9.296727e+002;5.745419e-003
9.316013e+002;5.723133e-003
9.335297e+002;5.694993e-003
9.354583e+002;5.689336e-003
9.373868e+002;5.710465e-003
9.393153e+002;5.756914e-003
9.412438e+002;5.818507e-003
9.431723e+002;5.862613e-003
9.451008e+002;5.879154e-003
9.470294e+002;5.897344e-003
9.489579e+002;5.921600e-003
9.508864e+002;5.935922e-003
9.528149e+002;5.971726e-003
9.547434e+002;6.076687e-003
9.566719e+002;6.253229e-003
9.586005e+002;6.471421e-003
9.605290e+002;6.696912e-003
9.624575e+002;6.902876e-003
9.643860e+002;7.076294e-003
9.663145e+002;7.210417e-003
9.682430e+002;7.322152e-003
9.701716e+002;7.494021e-003
9.721000e+002;7.831013e-003
9.740286e+002;8.353740e-003
9.759571e+002;8.977627e-003
9.778856e+002;9.572525e-003
9.798141e+002;1.002201e-002
9.817426e+002;1.028189e-002
9.836711e+002;1.041942e-002
9.855997e+002;1.055674e-002
9.875282e+002;1.073935e-002
9.894567e+002;1.088358e-002
9.913852e+002;1.085693e-002
9.933137e+002;1.059242e-002
9.952422e+002;1.014320e-002
9.971708e+002;9.648282e-003
9.990993e+002;9.262340e-003
1.001028e+003;9.099722e-003
1.002956e+003;9.218621e-003
1.004885e+003;9.660898e-003
1.006813e+003;1.044488e-002
1.008742e+003;1.149910e-002
1.010670e+003;1.268540e-002
1.012599e+003;1.381116e-002
1.014527e+003;1.452741e-002
1.016456e+003;1.443851e-002
1.018384e+003;1.348820e-002
1.020313e+003;1.207436e-002
1.022241e+003;1.070106e-002
1.024170e+003;9.643072e-003
1.026099e+003;8.925978e-003
1.028027e+003;8.465733e-003
1.029956e+003;8.161642e-003
1.031884e+003;7.932915e-003
1.033813e+003;7.745976e-003
1.035741e+003;7.606016e-003
1.037670e+003;7.522153e-003
1.039598e+003;7.488520e-003
1.041527e+003;7.485235e-003
1.043455e+003;7.498012e-003
1.045384e+003;7.520205e-003
1.047312e+003;7.533249e-003
1.049241e+003;7.519367e-003
1.051169e+003;7.470113e-003
1.053098e+003;7.382974e-003
1.055026e+003;7.278388e-003
1.056955e+003;7.181593e-003
1.058883e+003;7.093562e-003
1.060812e+003;7.022224e-003
1.062740e+003;6.983289e-003
1.064669e+003;6.959375e-003
1.066597e+003;6.920941e-003
1.068526e+003;6.867121e-003
1.070454e+003;6.812856e-003
1.072383e+003;6.760767e-003
1.074311e+003;6.709659e-003
1.076240e+003;6.682802e-003
1.078168e+003;6.704566e-003
1.080097e+003;6.777441e-003
1.082026e+003;6.954622e-003
1.083954e+003;7.341159e-003
1.085882e+003;7.869935e-003
1.087811e+003;8.220535e-003
1.089740e+003;8.147154e-003
1.091668e+003;7.742546e-003
1.093597e+003;7.266159e-003
1.095525e+003;6.890688e-003
1.097454e+003;6.672455e-003
1.099382e+003;6.585964e-003
1.101311e+003;6.543539e-003
1.103239e+003;6.482241e-003
1.105168e+003;6.414093e-003
1.107096e+003;6.361410e-003
1.109025e+003;6.339086e-003
1.110953e+003;6.380524e-003
1.112882e+003;6.474950e-003
1.114810e+003;6.542401e-003
1.116739e+003;6.534576e-003
1.118667e+003;6.483487e-003
1.120596e+003;6.440282e-003
1.122524e+003;6.429623e-003
1.124453e+003;6.446377e-003
1.126381e+003;6.473400e-003
1.128310e+003;6.496699e-003
1.130238e+003;6.494746e-003
1.132167e+003;6.470970e-003
1.134095e+003;6.474859e-003
1.136024e+003;6.517855e-003
1.137952e+003;6.547240e-003
1.139881e+003;6.520428e-003
1.141809e+003;6.450829e-003
1.143738e+003;6.402482e-003
1.145667e+003;6.422899e-003
1.147595e+003;6.491019e-003
1.149524e+003;6.555804e-003
1.151452e+003;6.571957e-003
1.153380e+003;6.531079e-003
1.155309e+003;6.476895e-003
1.157238e+003;6.438958e-003
1.159166e+003;6.411700e-003
1.161095e+003;6.400600e-003
1.163023e+003;6.400693e-003
1.164952e+003;6.383128e-003
1.166880e+003;6.333532e-003
1.168809e+003;6.259341e-003
1.170737e+003;6.197152e-003
1.172666e+003;6.198914e-003
1.174594e+003;6.256933e-003
1.176523e+003;6.303080e-003
1.178451e+003;6.303933e-003
1.180380e+003;6.279564e-003
1.182308e+003;6.245278e-003
1.184237e+003;6.204291e-003
1.186165e+003;6.162938e-003
1.188094e+003;6.112526e-003
1.190022e+003;6.039956e-003
1.191951e+003;5.956932e-003
1.193879e+003;5.880451e-003
1.195808e+003;5.813435e-003
1.197736e+003;5.764344e-003
1.199665e+003;5.747414e-003
1.201593e+003;5.764666e-003
1.203522e+003;5.801084e-003
1.205450e+003;5.838637e-003
1.207379e+003;5.878845e-003
1.209307e+003;5.939559e-003
1.211236e+003;6.018472e-003
1.213165e+003;6.075837e-003
1.215093e+003;6.081830e-003
1.217022e+003;6.070292e-003
1.218950e+003;6.083528e-003
1.220879e+003;6.091634e-003
1.222807e+003;6.058883e-003
1.224736e+003;6.021040e-003
1.226664e+003;6.004095e-003
1.228593e+003;5.976544e-003
1.230521e+003;5.935349e-003
1.232450e+003;5.917014e-003
1.234378e+003;5.926582e-003
1.236307e+003;5.947569e-003
1.238235e+003;5.976655e-003
1.240164e+003;5.997224e-003
1.242092e+003;5.989209e-003
1.244021e+003;5.975435e-003
1.245949e+003;5.991935e-003
1.247878e+003;6.020427e-003
1.249806e+003;6.015957e-003
1.251735e+003;5.988745e-003
1.253663e+003;5.987833e-003
1.255592e+003;6.028957e-003
1.257520e+003;6.076288e-003
1.259449e+003;6.087521e-003
1.261377e+003;6.067213e-003
1.263306e+003;6.048189e-003
1.265234e+003;6.054475e-003
1.267163e+003;6.098842e-003
1.269092e+003;6.162943e-003
1.271020e+003;6.202864e-003
1.272948e+003;6.204369e-003
1.274877e+003;6.188365e-003
1.276806e+003;6.165671e-003
1.278734e+003;6.132458e-003
1.280663e+003;6.093299e-003
1.282591e+003;6.059398e-003
1.284520e+003;6.040371e-003
1.286448e+003;6.049627e-003
1.288377e+003;6.083020e-003
1.290305e+003;6.091100e-003
1.292234e+003;6.035184e-003
1.294162e+003;5.962933e-003
1.296091e+003;5.949666e-003
1.298019e+003;5.995863e-003
1.299948e+003;6.047213e-003
1.301876e+003;6.065970e-003
1.303805e+003;6.050327e-003
1.305733e+003;6.022563e-003
1.307662e+003;6.009965e-003
1.309590e+003;6.026102e-003
1.311519e+003;6.054498e-003
1.313447e+003;6.061882e-003
1.315376e+003;6.044414e-003
1.317304e+003;6.033209e-003
1.319233e+003;6.052855e-003
1.321161e+003;6.098755e-003
1.323090e+003;6.152243e-003
1.325018e+003;6.195034e-003
1.326947e+003;6.215309e-003
1.328875e+003;6.213889e-003
1.330804e+003;6.190482e-003
1.332733e+003;6.149657e-003
1.334661e+003;6.121588e-003
1.336590e+003;6.121639e-003
1.338518e+003;6.132450e-003
1.340447e+003;6.146664e-003
1.342375e+003;6.157851e-003
1.344304e+003;6.154589e-003
1.346232e+003;6.157402e-003
1.348161e+003;6.196786e-003
1.350089e+003;6.268579e-003
1.352018e+003;6.330246e-003
1.353946e+003;6.332767e-003
1.355875e+003;6.281329e-003
1.357803e+003;6.233676e-003
1.359732e+003;6.218540e-003
1.361660e+003;6.217148e-003
1.363589e+003;6.217924e-003
1.365517e+003;6.231167e-003
1.367446e+003;6.260974e-003
1.369374e+003;6.286701e-003
1.371303e+003;6.285105e-003
1.373231e+003;6.268556e-003
1.375160e+003;6.276903e-003
1.377088e+003;6.328605e-003
1.379017e+003;6.394955e-003
1.380945e+003;6.428254e-003
1.382874e+003;6.403733e-003
1.384802e+003;6.333041e-003
1.386731e+003;6.259390e-003
1.388659e+003;6.232061e-003
1.390588e+003;6.260899e-003
1.392516e+003;6.305461e-003
1.394445e+003;6.318146e-003
1.396374e+003;6.294204e-003
1.398302e+003;6.269533e-003
1.400231e+003;6.272252e-003
1.402159e+003;6.289621e-003
1.404088e+003;6.285370e-003
1.406016e+003;6.252537e-003
1.407945e+003;6.226065e-003
1.409873e+003;6.227571e-003
1.411802e+003;6.239810e-003
1.413730e+003;6.244247e-003
1.415659e+003;6.240615e-003
1.417587e+003;6.235774e-003
1.419516e+003;6.236311e-003
1.421444e+003;6.249258e-003
1.423373e+003;6.274980e-003
1.425301e+003;6.297268e-003
1.427230e+003;6.303109e-003
1.429158e+003;6.301834e-003
1.431087e+003;6.309712e-003
1.433015e+003;6.342444e-003
1.434944e+003;6.401101e-003
1.436872e+003;6.453431e-003
1.438801e+003;6.469206e-003
1.440729e+003;6.452239e-003
1.442658e+003;6.421747e-003
1.444586e+003;6.395386e-003
1.446515e+003;6.382263e-003
1.448443e+003;6.378764e-003
1.450372e+003;6.368281e-003
1.452301e+003;6.326048e-003
1.454229e+003;6.262314e-003
1.456157e+003;6.243782e-003
1.458086e+003;6.293185e-003
1.460015e+003;6.343874e-003
1.461943e+003;6.369780e-003
1.463872e+003;6.418949e-003
1.465800e+003;6.485170e-003
1.467729e+003;6.507253e-003
1.469657e+003;6.472985e-003
1.471586e+003;6.410559e-003
1.473514e+003;6.341861e-003
1.475443e+003;6.296401e-003
1.477371e+003;6.303530e-003
1.479300e+003;6.357423e-003
1.481228e+003;6.420158e-003
1.483157e+003;6.448550e-003
1.485085e+003;6.424731e-003
1.487014e+003;6.390333e-003
1.488942e+003;6.411106e-003
1.490871e+003;6.474409e-003
1.492799e+003;6.493373e-003
1.494728e+003;6.436636e-003
1.496656e+003;6.372896e-003
1.498585e+003;6.366857e-003
1.500513e+003;6.391012e-003
1.502442e+003;6.386764e-003
1.504370e+003;6.368262e-003
1.506299e+003;6.378658e-003
1.508227e+003;6.407187e-003
1.510156e+003;6.418385e-003
1.512084e+003;6.405882e-003
1.514013e+003;6.396717e-003
1.515942e+003;6.405008e-003
1.517870e+003;6.406268e-003
1.519799e+003;6.393355e-003
1.521727e+003;6.398427e-003
1.523656e+003;6.428055e-003
1.525584e+003;6.440562e-003
1.527513e+003;6.414650e-003
1.529441e+003;6.384352e-003
1.531370e+003;6.371456e-003
1.533298e+003;6.367942e-003
1.535227e+003;6.388119e-003
1.537155e+003;6.432605e-003
1.539084e+003;6.455315e-003
1.541012e+003;6.450296e-003
1.542941e+003;6.472368e-003
1.544869e+003;6.534080e-003
1.546798e+003;6.583335e-003
1.548726e+003;6.578650e-003
1.550655e+003;6.538517e-003
1.552583e+003;6.522452e-003
1.554512e+003;6.551927e-003
1.556440e+003;6.584642e-003
1.558369e+003;6.593731e-003
1.560297e+003;6.606918e-003
1.562226e+003;6.638791e-003
1.564154e+003;6.663362e-003
1.566083e+003;6.655481e-003
1.568011e+003;6.606717e-003
1.569940e+003;6.539948e-003
1.571869e+003;6.513684e-003
1.573797e+003;6.553054e-003
1.575725e+003;6.610149e-003
1.577654e+003;6.642405e-003
1.579583e+003;6.668400e-003
1.581511e+003;6.711057e-003
1.583440e+003;6.748876e-003
1.585368e+003;6.746217e-003
1.587297e+003;6.700710e-003
1.589225e+003;6.645888e-003
1.591154e+003;6.623903e-003
1.593082e+003;6.657677e-003
1.595011e+003;6.719452e-003
1.596939e+003;6.752331e-003
1.598868e+003;6.739005e-003
1.600796e+003;6.700898e-003
1.602725e+003;6.660294e-003
1.604653e+003;6.645361e-003
1.606582e+003;6.676539e-003
1.608510e+003;6.737709e-003
1.610439e+003;6.785408e-003
1.612367e+003;6.790612e-003
1.614296e+003;6.778976e-003
1.616224e+003;6.791268e-003
1.618153e+003;6.806211e-003
1.620081e+003;6.785785e-003
1.622010e+003;6.756495e-003
1.623938e+003;6.755213e-003
1.625867e+003;6.767942e-003
1.627795e+003;6.777109e-003
1.629724e+003;6.792180e-003
1.631652e+003;6.822848e-003
1.633581e+003;6.863822e-003
1.635510e+003;6.898885e-003
1.637438e+003;6.918321e-003
1.639367e+003;6.931897e-003
1.641295e+003;6.953648e-003
1.643224e+003;6.980930e-003
1.645152e+003;6.993095e-003
1.647081e+003;6.973534e-003
1.649009e+003;6.938513e-003
1.650938e+003;6.930023e-003
1.652866e+003;6.959684e-003
1.654795e+003;6.987942e-003
1.656723e+003;6.975540e-003
1.658652e+003;6.925816e-003
1.660580e+003;6.879832e-003
1.662509e+003;6.877568e-003
1.664437e+003;6.917941e-003
1.666366e+003;6.966515e-003
1.668294e+003;6.995360e-003
1.670223e+003;7.008356e-003
1.672151e+003;7.026442e-003
1.674080e+003;7.059660e-003
1.676008e+003;7.105227e-003
1.677937e+003;7.141679e-003
1.679865e+003;7.132703e-003
1.681794e+003;7.080620e-003
1.683722e+003;7.031662e-003
1.685651e+003;7.003222e-003
1.687579e+003;6.971973e-003
1.689508e+003;6.942292e-003
1.691436e+003;6.955037e-003
1.693365e+003;7.015004e-003
1.695293e+003;7.075350e-003
1.697222e+003;7.111281e-003
1.699151e+003;7.129594e-003
1.701079e+003;7.129541e-003
1.703008e+003;7.116788e-003
1.704936e+003;7.097748e-003
1.706865e+003;7.062430e-003
1.708793e+003;7.029223e-003
1.710722e+003;7.033227e-003
1.712650e+003;7.056665e-003
1.714579e+003;7.068853e-003
1.716507e+003;7.098373e-003
1.718436e+003;7.175197e-003
1.720364e+003;7.252580e-003
1.722293e+003;7.258633e-003
1.724221e+003;7.191036e-003
1.726150e+003;7.120169e-003
1.728078e+003;7.105611e-003
1.730007e+003;7.135316e-003
1.731935e+003;7.164069e-003
1.733864e+003;7.180478e-003
1.735792e+003;7.194980e-003
1.737721e+003;7.216665e-003
1.739649e+003;7.263323e-003
1.741578e+003;7.324622e-003
1.743506e+003;7.353298e-003
1.745435e+003;7.342930e-003
1.747363e+003;7.336259e-003
1.749292e+003;7.357453e-003
1.751220e+003;7.388773e-003
1.753149e+003;7.398626e-003
1.755078e+003;7.384469e-003
1.757006e+003;7.377857e-003
1.758934e+003;7.392405e-003
1.760863e+003;7.410541e-003
1.762792e+003;7.411178e-003
1.764720e+003;7.389663e-003
1.766649e+003;7.378175e-003
1.768577e+003;7.408857e-003
1.770506e+003;7.459620e-003
1.772434e+003;7.497243e-003
1.774363e+003;7.512863e-003
1.776291e+003;7.487713e-003
1.778220e+003;7.415854e-003
1.780148e+003;7.347529e-003
1.782077e+003;7.332431e-003
1.784005e+003;7.371114e-003
1.785934e+003;7.449680e-003
1.787862e+003;7.540517e-003
1.789791e+003;7.589967e-003
1.791719e+003;7.577378e-003
1.793648e+003;7.536000e-003
1.795576e+003;7.493639e-003
1.797505e+003;7.469212e-003
1.799433e+003;7.499313e-003
1.801362e+003;7.582576e-003
1.803290e+003;7.657812e-003
1.805219e+003;7.682916e-003
1.807147e+003;7.673990e-003
1.809076e+003;7.666534e-003
1.811004e+003;7.681058e-003
1.812933e+003;7.723970e-003
1.814861e+003;7.795790e-003
1.816790e+003;7.873269e-003
1.818719e+003;7.906925e-003
1.820647e+003;7.894532e-003
1.822576e+003;7.907026e-003
1.824504e+003;7.970054e-003
1.826433e+003;8.024067e-003
1.828361e+003;8.046387e-003
1.830290e+003;8.088609e-003
1.832218e+003;8.182991e-003
1.834147e+003;8.314081e-003
1.836075e+003;8.460938e-003
1.838004e+003;8.614078e-003
1.839932e+003;8.768803e-003
1.841861e+003;8.916344e-003
1.843789e+003;9.045789e-003
1.845718e+003;9.138154e-003
1.847646e+003;9.165477e-003
1.849575e+003;9.146139e-003
1.851503e+003;9.145753e-003
1.853432e+003;9.174298e-003
1.855360e+003;9.173206e-003
1.857289e+003;9.106451e-003
1.859217e+003;9.001425e-003
1.861146e+003;8.919738e-003
1.863074e+003;8.898497e-003
1.865003e+003;8.914118e-003
1.866931e+003;8.923789e-003
1.868860e+003;8.927395e-003
1.870788e+003;8.943737e-003
1.872717e+003;8.957953e-003
1.874646e+003;8.953804e-003
1.876574e+003;8.944403e-003
1.878502e+003;8.931105e-003
1.880431e+003;8.904244e-003
1.882359e+003;8.880135e-003
1.884288e+003;8.873908e-003
1.886217e+003;8.869501e-003
1.888145e+003;8.854551e-003
1.890074e+003;8.841050e-003
1.892002e+003;8.833636e-003
1.893931e+003;8.825528e-003
1.895859e+003;8.814136e-003
1.897788e+003;8.789007e-003
1.899716e+003;8.755267e-003
1.901645e+003;8.751532e-003
1.903573e+003;8.774558e-003
1.905502e+003;8.786235e-003
1.907430e+003;8.808393e-003
1.909359e+003;8.865208e-003
1.911287e+003;8.911767e-003
1.913216e+003;8.916913e-003
1.915144e+003;8.910970e-003
1.917073e+003;8.936520e-003
1.919001e+003;9.003455e-003
1.920930e+003;9.077385e-003
1.922858e+003;9.116307e-003
1.924787e+003;9.115064e-003
1.926715e+003;9.100971e-003
1.928644e+003;9.103565e-003
1.930572e+003;9.121465e-003
1.932501e+003;9.113998e-003
1.934429e+003;9.061644e-003
1.936358e+003;9.004660e-003
1.938286e+003;8.977477e-003
1.940215e+003;8.967700e-003
1.942144e+003;8.961859e-003
1.944072e+003;8.960066e-003
1.946000e+003;8.955827e-003
1.947929e+003;8.940764e-003
1.949858e+003;8.913567e-003
1.951786e+003;8.882917e-003
1.953715e+003;8.876713e-003
1.955643e+003;8.934923e-003
1.957572e+003;9.061338e-003
1.959500e+003;9.188369e-003
1.961429e+003;9.233389e-003
1.963357e+003;9.186432e-003
1.965286e+003;9.107282e-003
1.967214e+003;9.055844e-003
1.969143e+003;9.042347e-003
1.971071e+003;9.031884e-003
1.973000e+003;8.998394e-003
1.974928e+003;8.962021e-003
1.976857e+003;8.962727e-003
1.978785e+003;9.017427e-003
1.980714e+003;9.094828e-003
1.982642e+003;9.119928e-003
1.984571e+003;9.047955e-003
1.986499e+003;8.947349e-003
1.988428e+003;8.915754e-003
1.990356e+003;8.941052e-003
1.992285e+003;8.967993e-003
1.994213e+003;8.993933e-003
1.996142e+003;9.007521e-003
1.998070e+003;8.986905e-003
1.999999e+003;8.961469e-003
2.001927e+003;8.972715e-003
2.003856e+003;9.026189e-003
2.005785e+003;9.061988e-003
2.007713e+003;8.975300e-003
2.009642e+003;8.786574e-003
2.011570e+003;8.657914e-003
2.013499e+003;8.620787e-003
2.015427e+003;8.584047e-003
2.017356e+003;8.612016e-003
2.019284e+003;8.759034e-003
2.021213e+003;8.842018e-003
2.023141e+003;8.776978e-003
2.025070e+003;8.740211e-003
2.026998e+003;8.814583e-003
2.028927e+003;8.903644e-003
2.030855e+003;8.966078e-003
2.032784e+003;8.984677e-003
2.034712e+003;8.884604e-003
2.036641e+003;8.740373e-003
2.038569e+003;8.735875e-003
2.040498e+003;8.807557e-003
2.042426e+003;8.757974e-003
2.044355e+003;8.607458e-003
2.046283e+003;8.449646e-003
2.048212e+003;8.249285e-003
2.050140e+003;8.054885e-003
2.052069e+003;8.136865e-003
2.053997e+003;8.646217e-003
2.055926e+003;9.302206e-003
2.057854e+003;9.687064e-003
2.059783e+003;9.638391e-003
2.061711e+003;9.245732e-003
2.063640e+003;8.800512e-003
2.065569e+003;8.645143e-003
2.067497e+003;8.862061e-003
2.069426e+003;9.295243e-003
2.071354e+003;9.727090e-003
2.073282e+003;9.946201e-003
2.075211e+003;9.912346e-003
2.077140e+003;9.746550e-003
2.079068e+003;9.542648e-003
2.080997e+003;9.368757e-003
2.082925e+003;9.277239e-003
2.084854e+003;9.317098e-003
2.086782e+003;9.558680e-003
2.088711e+003;9.870400e-003
2.090639e+003;9.968477e-003
2.092568e+003;9.857854e-003
2.094496e+003;9.713937e-003
2.096425e+003;9.543793e-003
2.098353e+003;9.413617e-003
2.100282e+003;9.451109e-003
2.102210e+003;9.556361e-003
2.104139e+003;9.638235e-003
2.106067e+003;9.768782e-003
2.107996e+003;9.920173e-003
2.109924e+003;1.000515e-002
2.111853e+003;1.004239e-002
2.113781e+003;1.004858e-002
2.115710e+003;9.996366e-003
2.117638e+003;9.917946e-003
2.119567e+003;9.888400e-003
2.121495e+003;9.910051e-003
2.123424e+003;9.931738e-003
2.125353e+003;9.928357e-003
2.127281e+003;9.865487e-003
2.129209e+003;9.777359e-003
2.131138e+003;9.836602e-003
2.133067e+003;1.006323e-002
2.134995e+003;1.018668e-002
2.136924e+003;1.004425e-002
2.138852e+003;9.871178e-003
2.140781e+003;9.977188e-003
2.142709e+003;1.027936e-002
2.144638e+003;1.035933e-002
2.146566e+003;9.942318e-003
2.148495e+003;9.324529e-003
2.150423e+003;9.193564e-003
2.152352e+003;9.737751e-003
2.154280e+003;1.029766e-002
2.156209e+003;1.019797e-002
2.158137e+003;9.569754e-003
2.160066e+003;9.195684e-003
2.161994e+003;9.515150e-003
2.163923e+003;1.009702e-002
2.165851e+003;1.044730e-002
2.167780e+003;1.057764e-002
2.169708e+003;1.054374e-002
2.171637e+003;1.037533e-002
2.173565e+003;1.031459e-002
2.175494e+003;1.048110e-002
2.177422e+003;1.071589e-002
2.179351e+003;1.090760e-002
2.181280e+003;1.103621e-002
2.183208e+003;1.097460e-002
2.185136e+003;1.062693e-002
2.187065e+003;1.025356e-002
2.188993e+003;1.027561e-002
2.190922e+003;1.069662e-002
2.192851e+003;1.111101e-002
2.194779e+003;1.125544e-002
2.196708e+003;1.122195e-002
2.198636e+003;1.121384e-002
2.200565e+003;1.128883e-002
2.202493e+003;1.135925e-002
2.204422e+003;1.133130e-002
2.206350e+003;1.111201e-002
2.208279e+003;1.068183e-002
2.210207e+003;1.033853e-002
2.212136e+003;1.047695e-002
2.214064e+003;1.100848e-002
2.215993e+003;1.148271e-002
2.217921e+003;1.164790e-002
2.219850e+003;1.147806e-002
2.221778e+003;1.104937e-002
2.223707e+003;1.063865e-002
2.225635e+003;1.051045e-002
2.227564e+003;1.055371e-002
2.229492e+003;1.053071e-002
2.231421e+003;1.055978e-002
2.233349e+003;1.088306e-002
2.235278e+003;1.138914e-002
2.237207e+003;1.178025e-002
2.239135e+003;1.193798e-002
2.241063e+003;1.192120e-002
2.242992e+003;1.178643e-002
2.244920e+003;1.152261e-002
2.246849e+003;1.118155e-002
2.248778e+003;1.087349e-002
2.250706e+003;1.064238e-002
2.252635e+003;1.057923e-002
2.254563e+003;1.079116e-002
2.256492e+003;1.118306e-002
2.258420e+003;1.158520e-002
2.260349e+003;1.192366e-002
2.262277e+003;1.215560e-002
2.264206e+003;1.226246e-002
2.266134e+003;1.226327e-002
2.268063e+003;1.215760e-002
2.269991e+003;1.189518e-002
2.271920e+003;1.145915e-002
2.273848e+003;1.109244e-002
2.275777e+003;1.120393e-002
2.277705e+003;1.178318e-002
2.279634e+003;1.231674e-002
2.281562e+003;1.243205e-002
2.283491e+003;1.220934e-002
2.285419e+003;1.197665e-002
2.287348e+003;1.203068e-002
2.289276e+003;1.235874e-002
2.291205e+003;1.263195e-002
2.293133e+003;1.257141e-002
2.295062e+003;1.224705e-002
2.296990e+003;1.201660e-002
2.298919e+003;1.215446e-002
2.300847e+003;1.255230e-002
2.302776e+003;1.290310e-002
2.304705e+003;1.308080e-002
2.306633e+003;1.316940e-002
2.308562e+003;1.324960e-002
2.310490e+003;1.334277e-002
2.312418e+003;1.346614e-002
2.314347e+003;1.357946e-002
2.316276e+003;1.357688e-002
2.318204e+003;1.342737e-002
2.320133e+003;1.323870e-002
2.322061e+003;1.318315e-002
2.323990e+003;1.334546e-002
2.325918e+003;1.362950e-002
2.327847e+003;1.389196e-002
2.329775e+003;1.407457e-002
2.331704e+003;1.416072e-002
2.333632e+003;1.415178e-002
2.335561e+003;1.409380e-002
2.337489e+003;1.407088e-002
2.339418e+003;1.412527e-002
2.341346e+003;1.415373e-002
2.343275e+003;1.405417e-002
2.345203e+003;1.395558e-002
2.347132e+003;1.404468e-002
2.349060e+003;1.429266e-002
2.350989e+003;1.454395e-002
2.352917e+003;1.470027e-002
2.354846e+003;1.475988e-002
2.356774e+003;1.480159e-002
2.358703e+003;1.490597e-002
2.360631e+003;1.504215e-002
2.362560e+003;1.510197e-002
2.364489e+003;1.505038e-002
2.366417e+003;1.496183e-002
2.368345e+003;1.494524e-002
2.370274e+003;1.506380e-002
2.372203e+003;1.525183e-002
2.374131e+003;1.536847e-002
2.376060e+003;1.539090e-002
2.377988e+003;1.541761e-002
2.379917e+003;1.549506e-002
2.381845e+003;1.558100e-002
2.383774e+003;1.562257e-002
2.385702e+003;1.561666e-002
2.387631e+003;1.561961e-002
2.389559e+003;1.567113e-002
2.391488e+003;1.574332e-002
2.393416e+003;1.580115e-002
2.395345e+003;1.585676e-002
2.397273e+003;1.594825e-002
2.399202e+003;1.608731e-002
2.401130e+003;1.623075e-002
2.403059e+003;1.632022e-002
2.404987e+003;1.635454e-002
2.406916e+003;1.638275e-002
2.408844e+003;1.643484e-002
2.410773e+003;1.652649e-002
2.412701e+003;1.667491e-002
2.414630e+003;1.684357e-002
2.416558e+003;1.694889e-002
2.418487e+003;1.695483e-002
2.420416e+003;1.693018e-002
2.422344e+003;1.696675e-002
2.424272e+003;1.704630e-002
2.426201e+003;1.709711e-002
2.428129e+003;1.715009e-002
2.430058e+003;1.728486e-002
2.431987e+003;1.744880e-002
2.433915e+003;1.750280e-002
2.435844e+003;1.746670e-002
2.437772e+003;1.752288e-002
2.439701e+003;1.772711e-002
2.441629e+003;1.792566e-002
2.443558e+003;1.801910e-002
2.445486e+003;1.810472e-002
2.447415e+003;1.826510e-002
2.449343e+003;1.841032e-002
2.451272e+003;1.844237e-002
2.453200e+003;1.841697e-002
2.455129e+003;1.844742e-002
2.457057e+003;1.853620e-002
2.458986e+003;1.859422e-002
2.460914e+003;1.861816e-002
2.462843e+003;1.870633e-002
2.464771e+003;1.887777e-002
2.466700e+003;1.905306e-002
2.468628e+003;1.918946e-002
2.470557e+003;1.926629e-002
2.472485e+003;1.923703e-002
2.474414e+003;1.916332e-002
2.476342e+003;1.922177e-002
2.478271e+003;1.944064e-002
2.480199e+003;1.966873e-002
2.482128e+003;1.982702e-002
2.484056e+003;1.995193e-002
2.485985e+003;2.007253e-002
2.487914e+003;2.019377e-002
2.489842e+003;2.031755e-002
2.491771e+003;2.043127e-002
2.493699e+003;2.050550e-002
2.495627e+003;2.053239e-002
2.497556e+003;2.059422e-002
2.499485e+003;2.080993e-002
2.501413e+003;2.115569e-002
2.503342e+003;2.146831e-002
2.505270e+003;2.165582e-002
2.507199e+003;2.177870e-002
2.509127e+003;2.193803e-002
2.511056e+003;2.216671e-002
2.512984e+003;2.242085e-002
2.514913e+003;2.264733e-002
2.516841e+003;2.283043e-002
2.518770e+003;2.297600e-002
2.520698e+003;2.309754e-002
2.522627e+003;2.320752e-002
2.524555e+003;2.329338e-002
2.526484e+003;2.332683e-002
2.528412e+003;2.330533e-002
2.530341e+003;2.326878e-002
2.532269e+003;2.326105e-002
2.534198e+003;2.327881e-002
2.536126e+003;2.329608e-002
2.538055e+003;2.331850e-002
2.539983e+003;2.334634e-002
2.541912e+003;2.334575e-002
2.543840e+003;2.333238e-002
2.545769e+003;2.338281e-002
2.547698e+003;2.350447e-002
2.549626e+003;2.361930e-002
2.551554e+003;2.369555e-002
2.553483e+003;2.376482e-002
2.555412e+003;2.384121e-002
2.557340e+003;2.394065e-002
2.559269e+003;2.409693e-002
2.561197e+003;2.428299e-002
2.563125e+003;2.441075e-002
2.565054e+003;2.444084e-002
2.566983e+003;2.443900e-002
2.568911e+003;2.450275e-002
2.570840e+003;2.464843e-002
2.572768e+003;2.482253e-002
2.574697e+003;2.499504e-002
2.576625e+003;2.516639e-002
2.578554e+003;2.532656e-002
2.580482e+003;2.546468e-002
2.582411e+003;2.557661e-002
2.584339e+003;2.564165e-002
2.586268e+003;2.565436e-002
2.588196e+003;2.567119e-002
2.590125e+003;2.572960e-002
2.592053e+003;2.579964e-002
2.593982e+003;2.589494e-002
2.595910e+003;2.605003e-002
2.597839e+003;2.620144e-002
2.599767e+003;2.630492e-002
2.601696e+003;2.642882e-002
2.603625e+003;2.659401e-002
2.605553e+003;2.674311e-002
2.607481e+003;2.688905e-002
2.609410e+003;2.707822e-002
2.611338e+003;2.727431e-002
2.613267e+003;2.741490e-002
2.615196e+003;2.750450e-002
2.617124e+003;2.760012e-002
2.619052e+003;2.773101e-002
2.620981e+003;2.785036e-002
2.622910e+003;2.791043e-002
2.624838e+003;2.796579e-002
2.626767e+003;2.811783e-002
2.628695e+003;2.836668e-002
2.630624e+003;2.859467e-002
2.632552e+003;2.870717e-002
2.634481e+003;2.874037e-002
2.636409e+003;2.881294e-002
2.638338e+003;2.899072e-002
2.640266e+003;2.921136e-002
2.642195e+003;2.937035e-002
2.644123e+003;2.947078e-002
2.646052e+003;2.959894e-002
2.647980e+003;2.977492e-002
2.649909e+003;2.994939e-002
2.651837e+003;3.010011e-002
2.653766e+003;3.023440e-002
2.655694e+003;3.035824e-002
2.657623e+003;3.048306e-002
2.659551e+003;3.061624e-002
2.661480e+003;3.074347e-002
2.663408e+003;3.084895e-002
2.665337e+003;3.094815e-002
2.667265e+003;3.107250e-002
2.669194e+003;3.122876e-002
2.671123e+003;3.140494e-002
2.673051e+003;3.159184e-002
2.674979e+003;3.176956e-002
2.676908e+003;3.190928e-002
2.678836e+003;3.201136e-002
2.680765e+003;3.211223e-002
2.682694e+003;3.223734e-002
2.684622e+003;3.236915e-002
2.686551e+003;3.248122e-002
2.688479e+003;3.258701e-002
2.690408e+003;3.271990e-002
2.692336e+003;3.287715e-002
2.694265e+003;3.302394e-002
2.696193e+003;3.314750e-002
2.698122e+003;3.327570e-002
2.700050e+003;3.343057e-002
2.701979e+003;3.358985e-002
2.703907e+003;3.371844e-002
2.705836e+003;3.381976e-002
2.707764e+003;3.392777e-002
2.709693e+003;3.404383e-002
2.711621e+003;3.413301e-002
2.713550e+003;3.420881e-002
2.715478e+003;3.433134e-002
2.717407e+003;3.449932e-002
2.719335e+003;3.465408e-002
2.721264e+003;3.478420e-002
2.723192e+003;3.492215e-002
2.725121e+003;3.507479e-002
2.727049e+003;3.522222e-002
2.728978e+003;3.533711e-002
2.730906e+003;3.541106e-002
2.732835e+003;3.547471e-002
2.734763e+003;3.554326e-002
2.736692e+003;3.560788e-002
2.738621e+003;3.570415e-002
2.740549e+003;3.588482e-002
2.742478e+003;3.612833e-002
2.744406e+003;3.633613e-002
2.746334e+003;3.645176e-002
2.748263e+003;3.654933e-002
2.750192e+003;3.671789e-002
2.752120e+003;3.693493e-002
2.754049e+003;3.713856e-002
2.755977e+003;3.731719e-002
2.757906e+003;3.749047e-002
2.759834e+003;3.767713e-002
2.761763e+003;3.787193e-002
2.763691e+003;3.803734e-002
2.765620e+003;3.815654e-002
2.767548e+003;3.827243e-002
2.769477e+003;3.843113e-002
2.771405e+003;3.863390e-002
2.773334e+003;3.886228e-002
2.775262e+003;3.908235e-002
2.777191e+003;3.925183e-002
2.779119e+003;3.937731e-002
2.781048e+003;3.949924e-002
2.782976e+003;3.962045e-002
2.784905e+003;3.971855e-002
2.786833e+003;3.979013e-002
2.788762e+003;3.985713e-002
2.790690e+003;3.994905e-002
2.792619e+003;4.006882e-002
2.794548e+003;4.020300e-002
2.796476e+003;4.034514e-002
2.798405e+003;4.047469e-002
2.800333e+003;4.058249e-002
2.802261e+003;4.070225e-002
2.804190e+003;4.084946e-002
2.806119e+003;4.098951e-002
2.808047e+003;4.108997e-002
2.809976e+003;4.115442e-002
2.811904e+003;4.121679e-002
2.813833e+003;4.131376e-002
2.815761e+003;4.144738e-002
2.817690e+003;4.158321e-002
2.819618e+003;4.168346e-002
2.821547e+003;4.174550e-002
2.823475e+003;4.180557e-002
2.825404e+003;4.187770e-002
2.827332e+003;4.194551e-002
2.829261e+003;4.203852e-002
2.831189e+003;4.220225e-002
2.833118e+003;4.240461e-002
2.835046e+003;4.258900e-002
2.836975e+003;4.276355e-002
2.838903e+003;4.296214e-002
2.840832e+003;4.319164e-002
2.842760e+003;4.343928e-002
2.844689e+003;4.366922e-002
2.846617e+003;4.382922e-002
2.848546e+003;4.392151e-002
2.850474e+003;4.404724e-002
2.852403e+003;4.429941e-002
2.854332e+003;4.461036e-002
2.856260e+003;4.480256e-002
2.858188e+003;4.480407e-002
2.860117e+003;4.471628e-002
2.862046e+003;4.465940e-002
2.863974e+003;4.465823e-002
2.865903e+003;4.469407e-002
2.867831e+003;4.475982e-002
2.869760e+003;4.484468e-002
2.871688e+003;4.494123e-002
2.873617e+003;4.505948e-002
2.875545e+003;4.519570e-002
2.877474e+003;4.532885e-002
2.879402e+003;4.545831e-002
2.881331e+003;4.559964e-002
2.883259e+003;4.575256e-002
2.885188e+003;4.590189e-002
2.887116e+003;4.603482e-002
2.889045e+003;4.614467e-002
2.890973e+003;4.624235e-002
2.892902e+003;4.635333e-002
2.894830e+003;4.648009e-002
2.896759e+003;4.660484e-002
2.898687e+003;4.672258e-002
2.900616e+003;4.683730e-002
2.902544e+003;4.696346e-002
2.904473e+003;4.711077e-002
2.906401e+003;4.725906e-002
2.908330e+003;4.739800e-002
2.910259e+003;4.753031e-002
2.912187e+003;4.764247e-002
2.914115e+003;4.774399e-002
2.916044e+003;4.785581e-002
2.917972e+003;4.795000e-002
2.919901e+003;4.798755e-002
2.921830e+003;4.798858e-002
2.923758e+003;4.800326e-002
2.925687e+003;4.803770e-002
2.927615e+003;4.806668e-002
2.929544e+003;4.808821e-002
2.931472e+003;4.812330e-002
2.933401e+003;4.819328e-002
2.935329e+003;4.828809e-002
2.937258e+003;4.835246e-002
2.939186e+003;4.836416e-002
2.941115e+003;4.839230e-002
2.943043e+003;4.849024e-002
2.944972e+003;4.860060e-002
2.946900e+003;4.865741e-002
2.948829e+003;4.869200e-002
2.950757e+003;4.875998e-002
2.952686e+003;4.884790e-002
2.954614e+003;4.891717e-002
2.956543e+003;4.897219e-002
2.958471e+003;4.902939e-002
2.960400e+003;4.908371e-002
2.962328e+003;4.914180e-002
2.964257e+003;4.922735e-002
2.966185e+003;4.933681e-002
2.968114e+003;4.943660e-002
2.970042e+003;4.951097e-002
2.971971e+003;4.957655e-002
2.973899e+003;4.963984e-002
2.975828e+003;4.968758e-002
2.977757e+003;4.973415e-002
2.979685e+003;4.980182e-002
2.981614e+003;4.985484e-002
2.983542e+003;4.985818e-002
2.985470e+003;4.986015e-002
2.987399e+003;4.991264e-002
2.989328e+003;4.999978e-002
2.991256e+003;5.010688e-002
2.993185e+003;5.023155e-002
2.995113e+003;5.032922e-002
2.997042e+003;5.037984e-002
2.998970e+003;5.044798e-002
3.000899e+003;5.056782e-002
3.002827e+003;5.066263e-002
3.004756e+003;5.067224e-002
3.006684e+003;5.064954e-002
3.008613e+003;5.065035e-002
3.010541e+003;5.066031e-002
3.012470e+003;5.066935e-002
3.014398e+003;5.069924e-002
3.016327e+003;5.076075e-002
3.018255e+003;5.082873e-002
3.020184e+003;5.086102e-002
3.022112e+003;5.085724e-002
3.024041e+003;5.085241e-002
3.025969e+003;5.085684e-002
3.027898e+003;5.087480e-002
3.029826e+003;5.091893e-002
3.031755e+003;5.095923e-002
3.033683e+003;5.095717e-002
3.035612e+003;5.093447e-002
3.037541e+003;5.092511e-002
3.039469e+003;5.092483e-002
3.041397e+003;5.091690e-002
3.043326e+003;5.088943e-002
3.045255e+003;5.084451e-002
3.047183e+003;5.080749e-002
3.049112e+003;5.080249e-002
3.051040e+003;5.082342e-002
3.052969e+003;5.084021e-002
3.054897e+003;5.084296e-002
3.056826e+003;5.086043e-002
3.058754e+003;5.089717e-002
3.060683e+003;5.091977e-002
3.062611e+003;5.093190e-002
3.064540e+003;5.094822e-002
3.066468e+003;5.093735e-002
3.068397e+003;5.089287e-002
3.070325e+003;5.086226e-002
3.072254e+003;5.086719e-002
3.074182e+003;5.087930e-002
3.076111e+003;5.087988e-002
3.078039e+003;5.089229e-002
3.079968e+003;5.093361e-002
3.081896e+003;5.099001e-002
3.083825e+003;5.105101e-002
3.085753e+003;5.109448e-002
3.087682e+003;5.108980e-002
3.089610e+003;5.106791e-002
3.091539e+003;5.107654e-002
3.093468e+003;5.108173e-002
3.095396e+003;5.102195e-002
3.097324e+003;5.090752e-002
3.099253e+003;5.081714e-002
3.101181e+003;5.079961e-002
3.103110e+003;5.079420e-002
3.105039e+003;5.072894e-002
3.106967e+003;5.064936e-002
3.108896e+003;5.062921e-002
3.110824e+003;5.063179e-002
3.112753e+003;5.056591e-002
3.114681e+003;5.042832e-002
3.116610e+003;5.029457e-002
3.118538e+003;5.019036e-002
3.120467e+003;5.008853e-002
3.122395e+003;5.000245e-002
3.124324e+003;4.995232e-002
3.126252e+003;4.988184e-002
3.128181e+003;4.973309e-002
3.130109e+003;4.956241e-002
3.132038e+003;4.945824e-002
3.133966e+003;4.938214e-002
3.135895e+003;4.921794e-002
3.137823e+003;4.896574e-002
3.139752e+003;4.875254e-002
3.141680e+003;4.863008e-002
3.143609e+003;4.852168e-002
3.145537e+003;4.837015e-002
3.147466e+003;4.818968e-002
3.149394e+003;4.801964e-002
3.151323e+003;4.789193e-002
3.153251e+003;4.778736e-002
3.155180e+003;4.765058e-002
3.157108e+003;4.747656e-002
3.159037e+003;4.732449e-002
3.160966e+003;4.722611e-002
3.162894e+003;4.713294e-002
3.164823e+003;4.698808e-002
3.166751e+003;4.679891e-002
3.168679e+003;4.660931e-002
3.170608e+003;4.644092e-002
3.172537e+003;4.627739e-002
3.174465e+003;4.609387e-002
3.176394e+003;4.588711e-002
3.178322e+003;4.568481e-002
3.180251e+003;4.553242e-002
3.182179e+003;4.543575e-002
3.184108e+003;4.533532e-002
3.186036e+003;4.517488e-002
3.187965e+003;4.495595e-002
3.189893e+003;4.471676e-002
3.191822e+003;4.449477e-002
3.193750e+003;4.430284e-002
3.195679e+003;4.411343e-002
3.197607e+003;4.388157e-002
3.199536e+003;4.361032e-002
3.201464e+003;4.335809e-002
3.203393e+003;4.315380e-002
3.205321e+003;4.296484e-002
3.207250e+003;4.276294e-002
3.209178e+003;4.254383e-002
3.211107e+003;4.230155e-002
3.213035e+003;4.204988e-002
3.214964e+003;4.180854e-002
3.216892e+003;4.155141e-002
3.218821e+003;4.125585e-002
3.220750e+003;4.097340e-002
3.222678e+003;4.074796e-002
3.224606e+003;4.051511e-002
3.226535e+003;4.020632e-002
3.228464e+003;3.986536e-002
3.230392e+003;3.953242e-002
3.232321e+003;3.916395e-002
3.234249e+003;3.875233e-002
3.236177e+003;3.836087e-002
3.238106e+003;3.801306e-002
3.240035e+003;3.765808e-002
3.241963e+003;3.726888e-002
3.243892e+003;3.689365e-002
3.245820e+003;3.655417e-002
3.247749e+003;3.619231e-002
3.249677e+003;3.575730e-002
3.251606e+003;3.524118e-002
3.253534e+003;3.465072e-002
3.255463e+003;3.400130e-002
3.257391e+003;3.329794e-002
3.259320e+003;3.251725e-002
3.261248e+003;3.162825e-002
3.263177e+003;3.064033e-002
3.265105e+003;2.962815e-002
3.267034e+003;2.866850e-002
3.268962e+003;2.777581e-002
3.270891e+003;2.694540e-002
3.272819e+003;2.620971e-002
3.274748e+003;2.560628e-002
3.276677e+003;2.514654e-002
3.278605e+003;2.483098e-002
3.280533e+003;2.464614e-002
3.282462e+003;2.455860e-002
3.284390e+003;2.451190e-002
3.286319e+003;2.443412e-002
3.288248e+003;2.428922e-002
3.290176e+003;2.409068e-002
3.292104e+003;2.387970e-002
3.294033e+003;2.372578e-002
3.295962e+003;2.366578e-002
3.297890e+003;2.363808e-002
3.299819e+003;2.354958e-002
3.301747e+003;2.338232e-002
3.303676e+003;2.319869e-002
3.305604e+003;2.305246e-002
3.307533e+003;2.292126e-002
3.309461e+003;2.275215e-002
3.311390e+003;2.255164e-002
3.313318e+003;2.238244e-002
3.315247e+003;2.226844e-002
3.317175e+003;2.215810e-002
3.319104e+003;2.200265e-002
3.321032e+003;2.180460e-002
3.322961e+003;2.157925e-002
3.324889e+003;2.134496e-002
3.326818e+003;2.113090e-002
3.328746e+003;2.093078e-002
3.330675e+003;2.070938e-002
3.332604e+003;2.046526e-002
3.334532e+003;2.021611e-002
3.336460e+003;1.995727e-002
3.338389e+003;1.969299e-002
3.340317e+003;1.946114e-002
3.342246e+003;1.926669e-002
3.344175e+003;1.905040e-002
3.346103e+003;1.878873e-002
3.348031e+003;1.853582e-002
3.349960e+003;1.833212e-002
3.351889e+003;1.815476e-002
3.353817e+003;1.795923e-002
3.355746e+003;1.772600e-002
3.357674e+003;1.746969e-002
3.359603e+003;1.721512e-002
3.361531e+003;1.697278e-002
3.363460e+003;1.673656e-002
3.365388e+003;1.649709e-002
3.367317e+003;1.625609e-002
3.369245e+003;1.602725e-002
3.371174e+003;1.581926e-002
3.373102e+003;1.561106e-002
3.375031e+003;1.536514e-002
3.376959e+003;1.509028e-002
3.378888e+003;1.483696e-002
3.380816e+003;1.461055e-002
3.382745e+003;1.437634e-002
3.384673e+003;1.413751e-002
3.386602e+003;1.391767e-002
3.388530e+003;1.371619e-002
3.390459e+003;1.353362e-002
3.392387e+003;1.338364e-002
3.394316e+003;1.325504e-002
3.396244e+003;1.309844e-002
3.398173e+003;1.288051e-002
3.400102e+003;1.263138e-002
3.402030e+003;1.241384e-002
3.403958e+003;1.225357e-002
3.405887e+003;1.209982e-002
3.407815e+003;1.188266e-002
3.409744e+003;1.161185e-002
3.411673e+003;1.134852e-002
3.413601e+003;1.110614e-002
3.415530e+003;1.087460e-002
3.417458e+003;1.067276e-002
3.419387e+003;1.051170e-002
3.421315e+003;1.037409e-002
3.423244e+003;1.022870e-002
3.425172e+003;1.004132e-002
3.427101e+003;9.819947e-003
3.429029e+003;9.632097e-003
3.430958e+003;9.528089e-003
3.432886e+003;9.461545e-003
3.434815e+003;9.341617e-003
3.436743e+003;9.164171e-003
3.438672e+003;9.015970e-003
3.440600e+003;8.949254e-003
3.442529e+003;8.904662e-003
3.444457e+003;8.795254e-003
3.446386e+003;8.654691e-003
3.448314e+003;8.592377e-003
3.450243e+003;8.602424e-003
3.452171e+003;8.573970e-003
3.454100e+003;8.479431e-003
3.456028e+003;8.379837e-003
3.457957e+003;8.274649e-003
3.459885e+003;8.121600e-003
3.461814e+003;7.949363e-003
3.463742e+003;7.813876e-003
3.465671e+003;7.721244e-003
3.467600e+003;7.653408e-003
3.469528e+003;7.584606e-003
3.471457e+003;7.478481e-003
3.473385e+003;7.334475e-003
3.475313e+003;7.196367e-003
3.477242e+003;7.097612e-003
3.479171e+003;7.026221e-003
3.481099e+003;6.941097e-003
3.483028e+003;6.831253e-003
3.484956e+003;6.715355e-003
3.486885e+003;6.595114e-003
3.488813e+003;6.479505e-003
3.490742e+003;6.397891e-003
3.492670e+003;6.331641e-003
3.494599e+003;6.223541e-003
3.496527e+003;6.081423e-003
3.498456e+003;5.966715e-003
3.500384e+003;5.881586e-003
