x;y
9.900000e+001;1.202100e+004
1.001085e+002;1.237671e+004
1.012169e+002;1.255522e+004
1.023254e+002;1.251475e+004
1.034338e+002;1.257493e+004
1.045423e+002;1.247078e+004
1.056507e+002;1.260921e+004
1.067592e+002;1.269030e+004
1.078676e+002;1.244182e+004
1.089761e+002;1.241585e+004
1.100845e+002;1.232373e+004
1.111930e+002;1.219735e+004
1.123015e+002;1.208567e+004
1.134099e+002;1.215033e+004
1.145184e+002;1.225700e+004
1.156268e+002;1.230869e+004
1.167353e+002;1.234650e+004
1.178437e+002;1.215138e+004
1.189522e+002;1.216008e+004
1.200606e+002;1.226490e+004
1.211691e+002;1.246400e+004
1.222775e+002;1.257333e+004
1.233860e+002;1.245843e+004
1.244945e+002;1.256570e+004
1.256029e+002;1.244787e+004
1.267114e+002;1.246226e+004
1.278198e+002;1.249269e+004
1.289283e+002;1.241149e+004
1.300367e+002;1.254866e+004
1.311452e+002;1.265034e+004
1.322536e+002;1.275280e+004
1.333621e+002;1.271993e+004
1.344706e+002;1.257127e+004
1.355790e+002;1.259219e+004
1.366875e+002;1.293367e+004
1.377959e+002;1.304927e+004
1.389044e+002;1.315573e+004
1.400128e+002;1.327381e+004
1.411213e+002;1.335868e+004
1.422297e+002;1.327224e+004
1.433382e+002;1.333081e+004
1.444467e+002;1.336626e+004
1.455551e+002;1.373017e+004
1.466636e+002;1.373727e+004
1.477720e+002;1.409096e+004
1.488805e+002;1.425471e+004
1.499889e+002;1.398891e+004
1.510974e+002;1.427873e+004
1.522058e+002;1.438257e+004
1.533143e+002;1.452818e+004
1.544227e+002;1.446264e+004
1.555312e+002;1.432469e+004
1.566396e+002;1.441216e+004
1.577481e+002;1.482432e+004
1.588566e+002;1.457136e+004
1.599650e+002;1.468828e+004
1.610735e+002;1.480369e+004
1.621819e+002;1.481901e+004
1.632904e+002;1.480060e+004
1.643988e+002;1.492249e+004
1.655073e+002;1.483610e+004
1.666157e+002;1.469939e+004
1.677242e+002;1.460136e+004
1.688327e+002;1.477761e+004
1.699411e+002;1.473736e+004
1.710496e+002;1.440589e+004
1.721580e+002;1.447658e+004
1.732665e+002;1.410711e+004
1.743749e+002;1.418231e+004
1.754834e+002;1.437287e+004
1.765918e+002;1.425669e+004
1.777003e+002;1.408089e+004
1.788087e+002;1.402564e+004
1.799172e+002;1.391237e+004
1.810257e+002;1.393373e+004
1.821341e+002;1.398143e+004
1.832426e+002;1.395848e+004
1.843510e+002;1.372637e+004
1.854595e+002;1.360777e+004
1.865679e+002;1.367113e+004
1.876764e+002;1.389035e+004
1.887848e+002;1.373913e+004
1.898933e+002;1.355494e+004
1.910018e+002;1.350942e+004
1.921102e+002;1.356417e+004
1.932187e+002;1.338129e+004
1.943271e+002;1.340975e+004
1.954356e+002;1.348703e+004
1.965440e+002;1.359233e+004
1.976525e+002;1.367645e+004
1.987609e+002;1.374506e+004
1.998694e+002;1.381630e+004
2.009778e+002;1.370410e+004
2.020863e+002;1.365386e+004
2.031947e+002;1.393360e+004
2.043032e+002;1.402217e+004
2.054117e+002;1.404719e+004
2.065201e+002;1.422546e+004
2.076286e+002;1.444439e+004
2.087370e+002;1.458520e+004
2.098455e+002;1.479217e+004
2.109539e+002;1.468715e+004
2.120624e+002;1.502438e+004
2.131709e+002;1.573956e+004
2.142793e+002;1.626993e+004
2.153878e+002;1.668382e+004
2.164962e+002;1.721706e+004
2.176047e+002;1.848521e+004
2.187131e+002;1.987378e+004
2.198216e+002;2.032102e+004
2.209300e+002;2.113069e+004
2.220385e+002;2.257709e+004
2.231469e+002;2.279339e+004
2.242554e+002;2.289716e+004
2.253638e+002;2.234344e+004
2.264723e+002;2.140021e+004
2.275808e+002;1.977285e+004
2.286892e+002;1.888207e+004
2.297977e+002;1.822178e+004
2.309061e+002;1.732941e+004
2.320146e+002;1.665552e+004
2.331230e+002;1.624430e+004
2.342315e+002;1.606066e+004
2.353400e+002;1.557774e+004
2.364484e+002;1.519953e+004
2.375569e+002;1.522547e+004
2.386653e+002;1.523436e+004
2.397738e+002;1.526958e+004
2.408822e+002;1.489999e+004
2.419907e+002;1.511117e+004
2.430991e+002;1.508235e+004
2.442076e+002;1.494584e+004
2.453160e+002;1.500870e+004
2.464245e+002;1.489139e+004
2.475329e+002;1.482966e+004
2.486414e+002;1.494044e+004
2.497499e+002;1.477859e+004
2.508583e+002;1.457279e+004
2.519668e+002;1.447603e+004
2.530752e+002;1.451408e+004
2.541837e+002;1.473445e+004
2.552921e+002;1.485728e+004
2.564006e+002;1.499039e+004
2.575090e+002;1.528308e+004
2.586175e+002;1.501156e+004
2.597260e+002;1.521683e+004
2.608344e+002;1.553841e+004
2.619429e+002;1.569506e+004
2.630513e+002;1.557089e+004
2.641598e+002;1.584681e+004
2.652682e+002;1.595466e+004
2.663767e+002;1.615730e+004
2.674851e+002;1.650276e+004
2.685936e+002;1.667138e+004
2.697021e+002;1.691545e+004
2.708105e+002;1.741648e+004
2.719189e+002;1.784184e+004
2.730274e+002;1.833308e+004
2.741359e+002;1.859891e+004
2.752443e+002;1.887982e+004
2.763528e+002;1.972479e+004
2.774612e+002;2.009590e+004
2.785697e+002;2.026742e+004
2.796781e+002;2.113649e+004
2.807866e+002;2.194121e+004
2.818951e+002;2.195158e+004
2.830035e+002;2.234030e+004
2.841120e+002;2.326186e+004
2.852204e+002;2.384354e+004
2.863289e+002;2.390462e+004
2.874373e+002;2.389673e+004
2.885458e+002;2.449553e+004
2.896542e+002;2.397218e+004
2.907627e+002;2.390142e+004
2.918711e+002;2.373682e+004
2.929796e+002;2.311004e+004
2.940880e+002;2.258630e+004
2.951965e+002;2.214279e+004
2.963050e+002;2.146929e+004
2.974134e+002;2.115567e+004
2.985219e+002;2.050859e+004
2.996303e+002;1.995041e+004
3.007388e+002;1.962485e+004
3.018472e+002;1.942877e+004
3.029557e+002;1.862746e+004
3.040641e+002;1.817906e+004
3.051726e+002;1.804211e+004
3.062811e+002;1.777482e+004
3.073895e+002;1.734631e+004
3.084980e+002;1.702422e+004
3.096064e+002;1.681310e+004
3.107149e+002;1.654279e+004
3.118233e+002;1.635865e+004
3.129318e+002;1.611401e+004
3.140402e+002;1.595222e+004
3.151487e+002;1.576443e+004
3.162571e+002;1.540129e+004
3.173656e+002;1.512913e+004
3.184741e+002;1.524159e+004
3.195825e+002;1.534260e+004
3.206910e+002;1.534064e+004
3.217994e+002;1.523196e+004
3.229079e+002;1.515745e+004
3.240163e+002;1.492992e+004
3.251248e+002;1.459624e+004
3.262332e+002;1.468096e+004
3.273417e+002;1.464963e+004
3.284501e+002;1.449691e+004
3.295586e+002;1.446041e+004
3.306671e+002;1.456218e+004
3.317755e+002;1.436932e+004
3.328840e+002;1.429205e+004
3.339924e+002;1.447652e+004
3.351009e+002;1.438179e+004
3.362093e+002;1.413106e+004
3.373178e+002;1.417368e+004
3.384262e+002;1.410407e+004
3.395347e+002;1.416065e+004
3.406432e+002;1.423400e+004
3.417516e+002;1.412113e+004
3.428600e+002;1.411464e+004
3.439685e+002;1.431899e+004
3.450770e+002;1.391161e+004
3.461854e+002;1.383587e+004
3.472939e+002;1.387124e+004
3.484023e+002;1.380507e+004
3.495108e+002;1.387097e+004
3.506192e+002;1.398939e+004
3.517277e+002;1.397522e+004
3.528362e+002;1.383751e+004
3.539446e+002;1.358289e+004
3.550531e+002;1.370044e+004
3.561615e+002;1.392624e+004
3.572700e+002;1.400109e+004
3.583784e+002;1.392782e+004
3.594869e+002;1.400464e+004
3.605953e+002;1.401352e+004
3.617038e+002;1.395204e+004
3.628123e+002;1.393053e+004
3.639207e+002;1.409819e+004
3.650291e+002;1.419850e+004
3.661376e+002;1.412688e+004
3.672461e+002;1.405678e+004
3.683545e+002;1.443797e+004
3.694630e+002;1.463550e+004
3.705714e+002;1.454665e+004
3.716799e+002;1.448033e+004
3.727883e+002;1.443737e+004
3.738968e+002;1.474578e+004
3.750052e+002;1.486034e+004
3.761137e+002;1.470409e+004
3.772222e+002;1.465345e+004
3.783306e+002;1.502998e+004
3.794391e+002;1.504269e+004
3.805475e+002;1.508867e+004
3.816560e+002;1.534872e+004
3.827644e+002;1.556695e+004
3.838729e+002;1.571109e+004
3.849814e+002;1.590807e+004
3.860898e+002;1.613820e+004
3.871982e+002;1.621052e+004
3.883067e+002;1.649667e+004
3.894152e+002;1.660616e+004
3.905236e+002;1.655042e+004
3.916321e+002;1.681660e+004
3.927405e+002;1.720826e+004
3.938490e+002;1.751276e+004
3.949574e+002;1.764936e+004
3.960659e+002;1.764461e+004
3.971743e+002;1.814192e+004
3.982828e+002;1.846541e+004
3.993913e+002;1.852202e+004
4.004997e+002;1.846289e+004
4.016082e+002;1.851946e+004
4.027166e+002;1.850410e+004
4.038251e+002;1.871287e+004
4.049335e+002;1.857852e+004
4.060420e+002;1.798363e+004
4.071505e+002;1.779127e+004
4.082589e+002;1.761701e+004
4.093673e+002;1.747392e+004
4.104758e+002;1.714531e+004
4.115843e+002;1.656991e+004
4.126927e+002;1.639706e+004
4.138012e+002;1.638495e+004
4.149096e+002;1.626139e+004
4.160181e+002;1.598915e+004
4.171265e+002;1.552408e+004
4.182350e+002;1.541541e+004
4.193434e+002;1.539453e+004
4.204519e+002;1.510797e+004
4.215604e+002;1.510811e+004
4.226688e+002;1.509543e+004
4.237773e+002;1.482019e+004
4.248857e+002;1.467399e+004
4.259942e+002;1.475877e+004
4.271026e+002;1.474736e+004
4.282111e+002;1.466766e+004
4.293195e+002;1.451313e+004
4.304280e+002;1.443382e+004
4.315364e+002;1.435458e+004
4.326449e+002;1.433734e+004
4.337534e+002;1.438236e+004
4.348618e+002;1.444924e+004
4.359703e+002;1.449126e+004
4.370787e+002;1.428412e+004
4.381872e+002;1.417409e+004
4.392956e+002;1.421386e+004
4.404041e+002;1.429607e+004
4.415125e+002;1.438904e+004
4.426210e+002;1.451708e+004
4.437295e+002;1.448964e+004
4.448379e+002;1.420064e+004
4.459464e+002;1.406269e+004
4.470548e+002;1.408509e+004
4.481633e+002;1.424104e+004
4.492717e+002;1.421605e+004
4.503802e+002;1.406612e+004
4.514886e+002;1.397117e+004
4.525971e+002;1.396085e+004
4.537055e+002;1.407731e+004
4.548140e+002;1.407067e+004
4.559225e+002;1.382949e+004
4.570309e+002;1.382634e+004
4.581394e+002;1.393097e+004
4.592478e+002;1.387058e+004
4.603563e+002;1.377844e+004
4.614647e+002;1.374474e+004
4.625732e+002;1.355779e+004
4.636816e+002;1.361012e+004
4.647901e+002;1.369733e+004
4.658986e+002;1.365393e+004
4.670070e+002;1.345052e+004
4.681154e+002;1.352000e+004
4.692239e+002;1.356080e+004
4.703324e+002;1.367764e+004
4.714408e+002;1.375766e+004
4.725493e+002;1.363294e+004
4.736577e+002;1.361777e+004
4.747662e+002;1.370574e+004
4.758746e+002;1.383785e+004
4.769831e+002;1.386462e+004
4.780916e+002;1.354712e+004
4.792000e+002;1.368996e+004
4.803085e+002;1.368669e+004
4.814169e+002;1.395146e+004
4.825254e+002;1.389475e+004
4.836338e+002;1.367173e+004
4.847423e+002;1.376411e+004
4.858507e+002;1.427309e+004
4.869592e+002;1.403005e+004
4.880677e+002;1.379907e+004
4.891761e+002;1.383893e+004
4.902845e+002;1.423030e+004
4.913930e+002;1.430341e+004
4.925015e+002;1.430942e+004
4.936099e+002;1.444686e+004
4.947184e+002;1.448196e+004
4.958268e+002;1.441526e+004
4.969353e+002;1.423240e+004
4.980437e+002;1.420727e+004
4.991522e+002;1.415862e+004
5.002607e+002;1.401830e+004
5.013691e+002;1.406852e+004
5.024776e+002;1.409356e+004
5.035860e+002;1.387476e+004
5.046945e+002;1.390012e+004
5.058029e+002;1.392618e+004
5.069114e+002;1.378717e+004
5.080198e+002;1.361421e+004
5.091283e+002;1.360384e+004
5.102367e+002;1.365907e+004
5.113452e+002;1.355511e+004
5.124537e+002;1.377175e+004
5.135621e+002;1.370187e+004
5.146705e+002;1.370495e+004
5.157790e+002;1.347747e+004
5.168875e+002;1.338359e+004
5.179959e+002;1.357531e+004
5.191044e+002;1.369978e+004
5.202128e+002;1.355609e+004
5.213213e+002;1.365285e+004
5.224297e+002;1.367672e+004
5.235382e+002;1.377515e+004
5.246467e+002;1.363834e+004
5.257551e+002;1.367499e+004
5.268636e+002;1.371918e+004
5.279720e+002;1.366542e+004
5.290804e+002;1.370533e+004
5.301889e+002;1.378842e+004
5.312974e+002;1.368377e+004
5.324058e+002;1.376379e+004
5.335143e+002;1.377453e+004
5.346227e+002;1.370554e+004
5.357312e+002;1.365788e+004
5.368397e+002;1.367286e+004
5.379481e+002;1.371275e+004
5.390566e+002;1.379100e+004
5.401650e+002;1.402072e+004
5.412735e+002;1.395681e+004
5.423820e+002;1.396787e+004
5.434904e+002;1.381608e+004
5.445988e+002;1.386853e+004
5.457073e+002;1.378037e+004
5.468157e+002;1.406792e+004
5.479242e+002;1.412417e+004
5.490327e+002;1.410179e+004
5.501411e+002;1.401784e+004
5.512496e+002;1.399761e+004
5.523580e+002;1.417966e+004
5.534665e+002;1.429345e+004
5.545750e+002;1.425868e+004
5.556834e+002;1.432657e+004
5.567919e+002;1.416369e+004
5.579003e+002;1.415682e+004
5.590087e+002;1.450893e+004
5.601172e+002;1.457788e+004
5.612256e+002;1.450673e+004
5.623341e+002;1.467311e+004
5.634426e+002;1.479277e+004
5.645510e+002;1.483456e+004
5.656595e+002;1.476831e+004
5.667679e+002;1.486592e+004
5.678764e+002;1.511895e+004
5.689849e+002;1.499160e+004
5.700933e+002;1.519409e+004
5.712018e+002;1.531207e+004
5.723102e+002;1.538754e+004
5.734186e+002;1.573215e+004
5.745271e+002;1.585561e+004
5.756356e+002;1.580227e+004
5.767440e+002;1.591681e+004
5.778525e+002;1.607190e+004
5.789609e+002;1.629403e+004
5.800694e+002;1.645932e+004
5.811779e+002;1.661110e+004
5.822863e+002;1.680729e+004
5.833948e+002;1.727160e+004
5.845032e+002;1.742286e+004
5.856117e+002;1.737571e+004
5.867201e+002;1.760000e+004
5.878286e+002;1.818624e+004
5.889370e+002;1.854667e+004
5.900455e+002;1.866647e+004
5.911539e+002;1.913855e+004
5.922624e+002;1.934303e+004
5.933708e+002;1.953304e+004
5.944793e+002;1.992005e+004
5.955878e+002;2.020942e+004
5.966962e+002;2.027204e+004
5.978047e+002;2.051428e+004
5.989131e+002;2.109133e+004
6.000216e+002;2.126119e+004
6.011300e+002;2.136720e+004
6.022385e+002;2.157800e+004
6.033469e+002;2.173281e+004
6.044554e+002;2.193139e+004
6.055638e+002;2.215985e+004
6.066723e+002;2.236324e+004
6.077808e+002;2.236563e+004
6.088892e+002;2.242311e+004
6.099977e+002;2.250183e+004
6.111061e+002;2.258283e+004
6.122146e+002;2.269629e+004
6.133231e+002;2.284076e+004
6.144315e+002;2.287968e+004
6.155400e+002;2.281853e+004
6.166484e+002;2.292324e+004
6.177568e+002;2.274401e+004
6.188653e+002;2.288108e+004
6.199738e+002;2.302173e+004
6.210822e+002;2.320021e+004
6.221907e+002;2.337440e+004
6.232991e+002;2.320326e+004
6.244076e+002;2.349274e+004
6.255161e+002;2.369738e+004
6.266245e+002;2.361475e+004
6.277330e+002;2.385516e+004
6.288414e+002;2.391034e+004
6.299499e+002;2.412096e+004
6.310583e+002;2.406613e+004
6.321667e+002;2.404876e+004
6.332752e+002;2.440098e+004
6.343837e+002;2.455973e+004
6.354921e+002;2.455324e+004
6.366006e+002;2.447118e+004
6.377090e+002;2.460671e+004
6.388175e+002;2.470392e+004
6.399260e+002;2.459428e+004
6.410344e+002;2.459976e+004
6.421429e+002;2.466421e+004
6.432513e+002;2.450485e+004
6.443598e+002;2.444253e+004
6.454682e+002;2.431234e+004
6.465767e+002;2.403423e+004
6.476851e+002;2.404764e+004
6.487936e+002;2.396636e+004
6.499020e+002;2.374415e+004
6.510105e+002;2.340797e+004
6.521190e+002;2.303378e+004
6.532274e+002;2.271698e+004
6.543359e+002;2.249833e+004
6.554443e+002;2.210716e+004
6.565528e+002;2.188819e+004
6.576613e+002;2.146844e+004
6.587697e+002;2.105133e+004
6.598781e+002;2.072068e+004
6.609866e+002;2.012011e+004
6.620950e+002;1.970731e+004
6.632035e+002;1.943624e+004
6.643120e+002;1.891042e+004
6.654204e+002;1.832000e+004
6.665289e+002;1.798485e+004
6.676373e+002;1.774678e+004
6.687458e+002;1.746792e+004
6.698542e+002;1.715188e+004
6.709627e+002;1.670064e+004
6.720712e+002;1.610988e+004
6.731796e+002;1.618196e+004
6.742880e+002;1.593219e+004
6.753965e+002;1.550415e+004
6.765049e+002;1.484178e+004
6.776134e+002;1.452967e+004
6.787219e+002;1.445472e+004
6.798303e+002;1.427785e+004
6.809388e+002;1.393077e+004
6.820472e+002;1.397021e+004
6.831557e+002;1.363584e+004
6.842642e+002;1.325849e+004
6.853726e+002;1.337384e+004
6.864811e+002;1.312930e+004
6.875895e+002;1.303780e+004
6.886979e+002;1.247430e+004
6.898064e+002;1.236630e+004
6.909149e+002;1.222628e+004
6.920233e+002;1.214429e+004
6.931318e+002;1.208583e+004
6.942402e+002;1.177179e+004
6.953487e+002;1.163504e+004
6.964572e+002;1.139517e+004
6.975656e+002;1.128535e+004
6.986741e+002;1.120134e+004
6.997825e+002;1.087696e+004
7.008910e+002;1.089064e+004
7.019995e+002;1.065317e+004
7.031078e+002;1.030529e+004
7.042163e+002;1.054644e+004
7.053248e+002;1.045638e+004
7.064332e+002;1.024941e+004
7.075417e+002;1.005607e+004
7.086501e+002;9.927020e+003
7.097586e+002;9.857577e+003
7.108671e+002;9.802226e+003
7.119755e+002;9.754414e+003
7.130840e+002;9.586360e+003
7.141924e+002;9.490374e+003
7.153009e+002;9.386328e+003
7.164094e+002;9.281894e+003
7.175178e+002;9.435173e+003
7.186262e+002;9.133210e+003
7.197347e+002;9.288925e+003
7.208431e+002;9.123121e+003
7.219516e+002;9.127604e+003
7.230601e+002;9.051873e+003
7.241685e+002;8.938111e+003
7.252770e+002;8.755257e+003
7.263854e+002;8.803574e+003
7.274939e+002;8.658958e+003
7.286024e+002;8.700276e+003
7.297108e+002;8.766573e+003
7.308193e+002;8.483996e+003
7.319277e+002;8.361314e+003
7.330361e+002;8.362454e+003
7.341446e+002;8.336436e+003
7.352531e+002;8.238821e+003
7.363615e+002;8.229511e+003
7.374700e+002;8.135028e+003
7.385784e+002;8.093418e+003
7.396869e+002;8.119491e+003
7.407953e+002;7.968791e+003
7.419038e+002;7.868191e+003
7.430123e+002;7.847874e+003
7.441207e+002;7.891017e+003
7.452292e+002;7.890428e+003
7.463376e+002;7.929680e+003
7.474460e+002;7.996701e+003
7.485545e+002;7.983360e+003
7.496630e+002;7.769847e+003
7.507714e+002;7.753926e+003
7.518799e+002;7.678366e+003
7.529883e+002;7.764519e+003
7.540968e+002;7.586371e+003
7.552053e+002;7.572132e+003
7.563137e+002;7.515862e+003
7.574222e+002;7.443233e+003
7.585306e+002;7.594429e+003
7.596391e+002;7.648516e+003
7.607476e+002;7.630479e+003
7.618560e+002;7.566761e+003
7.629644e+002;7.440117e+003
7.640729e+002;7.391381e+003
7.651813e+002;7.375114e+003
7.662898e+002;7.237865e+003
7.673983e+002;7.241244e+003
7.685067e+002;7.247488e+003
7.696152e+002;7.236838e+003
7.707236e+002;7.210733e+003
7.718321e+002;7.197998e+003
7.729406e+002;7.250367e+003
7.740490e+002;7.033300e+003
7.751575e+002;7.199005e+003
7.762659e+002;7.341485e+003
7.773743e+002;6.933893e+003
7.784828e+002;7.069510e+003
7.795912e+002;7.109482e+003
7.806997e+002;7.042729e+003
7.818082e+002;6.984063e+003
7.829166e+002;6.887201e+003
7.840251e+002;7.025144e+003
7.851335e+002;6.902253e+003
7.862420e+002;6.979047e+003
7.873505e+002;6.880687e+003
7.884589e+002;6.873396e+003
7.895674e+002;7.020991e+003
7.906758e+002;6.946367e+003
7.917842e+002;6.866779e+003
7.928927e+002;6.985969e+003
7.940012e+002;6.843938e+003
7.951096e+002;6.808706e+003
7.962181e+002;6.836178e+003
7.973265e+002;6.823869e+003
7.984350e+002;6.853365e+003
7.995435e+002;6.672790e+003
8.006519e+002;6.666784e+003
8.017604e+002;6.749552e+003
8.028688e+002;6.737613e+003
8.039773e+002;6.941345e+003
8.050857e+002;6.797483e+003
8.061942e+002;6.800297e+003
8.073026e+002;6.829724e+003
8.084111e+002;6.829021e+003
8.095195e+002;6.645725e+003
8.106280e+002;6.675433e+003
8.117365e+002;6.830312e+003
8.128449e+002;6.684932e+003
8.139534e+002;6.900009e+003
8.150618e+002;6.799926e+003
8.161703e+002;6.786881e+003
8.172787e+002;6.786300e+003
8.183872e+002;6.505063e+003
8.194956e+002;6.538753e+003
8.206041e+002;6.715741e+003
8.217125e+002;6.798345e+003
8.228210e+002;6.778433e+003
8.239294e+002;6.634327e+003
8.250379e+002;6.530310e+003
8.261464e+002;6.537128e+003
8.272548e+002;6.602261e+003
8.283633e+002;6.713626e+003
8.294717e+002;6.738709e+003
8.305802e+002;6.491183e+003
8.316887e+002;6.417279e+003
8.327971e+002;6.509319e+003
8.339055e+002;6.541379e+003
8.350140e+002;6.487020e+003
8.361224e+002;6.537235e+003
8.372309e+002;6.517305e+003
8.383394e+002;6.497588e+003
8.394478e+002;6.448188e+003
8.405563e+002;6.375982e+003
8.416647e+002;6.247638e+003
8.427732e+002;6.440494e+003
8.438817e+002;6.387518e+003
8.449901e+002;6.277994e+003
8.460986e+002;6.207173e+003
8.472070e+002;6.338696e+003
8.483155e+002;6.413774e+003
8.494239e+002;6.394003e+003
8.505323e+002;6.363433e+003
8.516408e+002;6.419373e+003
8.527493e+002;6.312147e+003
8.538577e+002;6.483956e+003
8.549662e+002;6.259775e+003
8.560746e+002;6.323798e+003
8.571831e+002;6.327248e+003
8.582916e+002;6.456658e+003
8.594000e+002;6.248633e+003
8.605085e+002;6.296757e+003
8.616169e+002;6.210566e+003
8.627254e+002;6.074346e+003
8.638338e+002;6.359479e+003
8.649423e+002;6.388730e+003
8.660507e+002;6.367283e+003
8.671592e+002;6.338772e+003
8.682676e+002;6.285347e+003
8.693761e+002;6.154041e+003
8.704846e+002;6.271125e+003
8.715930e+002;6.374477e+003
8.727015e+002;6.352260e+003
8.738099e+002;6.269848e+003
8.749184e+002;6.122813e+003
8.760269e+002;6.148783e+003
8.771353e+002;6.219264e+003
8.782437e+002;6.178704e+003
8.793522e+002;6.146831e+003
8.804606e+002;6.109698e+003
8.815691e+002;6.062975e+003
8.826776e+002;6.167826e+003
8.837860e+002;6.084712e+003
8.848945e+002;6.196872e+003
8.860029e+002;6.413830e+003
8.871114e+002;6.110557e+003
8.882198e+002;6.092865e+003
8.893283e+002;6.186299e+003
8.904368e+002;6.226331e+003
8.915452e+002;6.040449e+003
8.926536e+002;6.138227e+003
8.937621e+002;6.177090e+003
8.948705e+002;6.124567e+003
8.959790e+002;6.068016e+003
8.970875e+002;6.029879e+003
8.981959e+002;6.067128e+003
8.993044e+002;6.089013e+003
9.004128e+002;6.046775e+003
9.015213e+002;6.096920e+003
9.026298e+002;6.000929e+003
9.037382e+002;5.924404e+003
9.048467e+002;6.088749e+003
9.059551e+002;5.946574e+003
9.070635e+002;6.098061e+003
9.081720e+002;6.210667e+003
9.092805e+002;5.992577e+003
9.103889e+002;5.882122e+003
9.114974e+002;6.001344e+003
9.126058e+002;6.140113e+003
9.137143e+002;6.102224e+003
9.148228e+002;6.112621e+003
9.159312e+002;6.128776e+003
9.170397e+002;6.080559e+003
9.181481e+002;5.913484e+003
9.192566e+002;5.964548e+003
9.203651e+002;6.018701e+003
9.214734e+002;6.104815e+003
9.225819e+002;6.026678e+003
9.236904e+002;5.951688e+003
9.247988e+002;6.041405e+003
9.259073e+002;6.047213e+003
9.270157e+002;6.027234e+003
9.281242e+002;6.001371e+003
9.292327e+002;6.029936e+003
9.303411e+002;6.086838e+003
9.314496e+002;6.107909e+003
9.325580e+002;6.107770e+003
9.336665e+002;6.209987e+003
9.347750e+002;6.175591e+003
9.358834e+002;5.861461e+003
9.369918e+002;5.914683e+003
9.381003e+002;5.918043e+003
9.392087e+002;5.972305e+003
9.403172e+002;6.016732e+003
9.414257e+002;5.989724e+003
9.425341e+002;6.013171e+003
9.436426e+002;5.961771e+003
9.447510e+002;5.870853e+003
9.458595e+002;5.767333e+003
9.469680e+002;6.080105e+003
9.480764e+002;5.986993e+003
9.491849e+002;5.891002e+003
9.502933e+002;6.086807e+003
9.514017e+002;6.173172e+003
9.525102e+002;5.996944e+003
9.536187e+002;5.957596e+003
9.547271e+002;6.111026e+003
9.558356e+002;5.892936e+003
9.569440e+002;5.939030e+003
9.580525e+002;5.915342e+003
9.591609e+002;6.066922e+003
9.602694e+002;6.029161e+003
9.613779e+002;5.930039e+003
9.624863e+002;5.883159e+003
9.635948e+002;5.953041e+003
9.647032e+002;5.989074e+003
9.658116e+002;5.935771e+003
9.669201e+002;5.919830e+003
9.680286e+002;5.925667e+003
9.691370e+002;5.949154e+003
9.702455e+002;5.938336e+003
9.713539e+002;5.883458e+003
9.724624e+002;5.874562e+003
9.735709e+002;6.005739e+003
9.746793e+002;5.900605e+003
9.757878e+002;5.884810e+003
9.768962e+002;5.879777e+003
9.780047e+002;5.830807e+003
9.791132e+002;5.949433e+003
9.802216e+002;5.959317e+003
9.813300e+002;5.978474e+003
9.824385e+002;5.873149e+003
9.835469e+002;5.921239e+003
9.846554e+002;6.015563e+003
9.857639e+002;5.901684e+003
9.868723e+002;5.918292e+003
9.879808e+002;5.908230e+003
9.890892e+002;5.881830e+003
9.901977e+002;5.852298e+003
9.913062e+002;5.990758e+003
9.924146e+002;6.103058e+003
9.935231e+002;6.105340e+003
9.946315e+002;5.895687e+003
9.957399e+002;5.740914e+003
9.968484e+002;5.832969e+003
9.979568e+002;6.005289e+003
9.990653e+002;5.922704e+003
1.000174e+003;5.860576e+003
1.001282e+003;5.704535e+003
1.002391e+003;5.930451e+003
1.003499e+003;6.041554e+003
1.004608e+003;5.951793e+003
1.005716e+003;5.971553e+003
1.006825e+003;6.035646e+003
1.007933e+003;5.933786e+003
1.009041e+003;5.868701e+003
1.010150e+003;5.978287e+003
1.011258e+003;6.003328e+003
1.012367e+003;5.934179e+003
1.013475e+003;5.887534e+003
1.014584e+003;6.016895e+003
1.015692e+003;5.840248e+003
1.016801e+003;5.836408e+003
1.017909e+003;5.988033e+003
1.019018e+003;5.803451e+003
1.020126e+003;5.905686e+003
1.021234e+003;6.127822e+003
1.022343e+003;6.076296e+003
1.023451e+003;6.089592e+003
1.024560e+003;6.207800e+003
1.025668e+003;5.965887e+003
1.026777e+003;5.996542e+003
1.027885e+003;6.128929e+003
1.028994e+003;6.111607e+003
1.030102e+003;5.959682e+003
1.031210e+003;6.147581e+003
1.032319e+003;6.105227e+003
1.033427e+003;6.020251e+003
1.034536e+003;6.057670e+003
1.035644e+003;6.055445e+003
1.036753e+003;6.258361e+003
1.037861e+003;6.166455e+003
1.038970e+003;6.055300e+003
1.040078e+003;5.999471e+003
1.041187e+003;6.053641e+003
1.042295e+003;6.081536e+003
1.043404e+003;6.144678e+003
1.044512e+003;6.148645e+003
1.045620e+003;6.128461e+003
1.046729e+003;6.248417e+003
1.047837e+003;6.252379e+003
1.048946e+003;6.044882e+003
1.050054e+003;6.078957e+003
1.051163e+003;6.145923e+003
1.052271e+003;6.154365e+003
1.053380e+003;6.212064e+003
1.054488e+003;6.181611e+003
1.055597e+003;6.172091e+003
1.056705e+003;6.109143e+003
1.057813e+003;5.953344e+003
1.058922e+003;6.092538e+003
1.060030e+003;6.052535e+003
1.061139e+003;6.157490e+003
1.062247e+003;6.139365e+003
1.063356e+003;6.101553e+003
1.064464e+003;6.232173e+003
1.065573e+003;6.119157e+003
1.066681e+003;6.016084e+003
1.067790e+003;6.212097e+003
1.068898e+003;6.127823e+003
1.070006e+003;6.126661e+003
1.071115e+003;6.232536e+003
1.072223e+003;6.129719e+003
1.073332e+003;6.115389e+003
1.074440e+003;6.123924e+003
1.075549e+003;6.174169e+003
1.076657e+003;6.220173e+003
1.077766e+003;6.267703e+003
1.078874e+003;6.126344e+003
1.079983e+003;6.344948e+003
1.081091e+003;6.218934e+003
1.082199e+003;6.133468e+003
1.083308e+003;6.219139e+003
1.084416e+003;6.366427e+003
1.085525e+003;6.324037e+003
1.086633e+003;6.157538e+003
1.087742e+003;6.155955e+003
1.088850e+003;6.179681e+003
1.089959e+003;6.175830e+003
1.091067e+003;6.191689e+003
1.092176e+003;6.260381e+003
1.093284e+003;6.237810e+003
1.094392e+003;6.299198e+003
1.095501e+003;6.392333e+003
1.096609e+003;6.354751e+003
1.097718e+003;6.368707e+003
1.098826e+003;6.243487e+003
1.099935e+003;6.330775e+003
1.101043e+003;6.272778e+003
1.102152e+003;6.295396e+003
1.103260e+003;6.192765e+003
1.104369e+003;6.206118e+003
1.105477e+003;6.293817e+003
1.106585e+003;6.351243e+003
1.107694e+003;6.088353e+003
1.108802e+003;6.323197e+003
1.109911e+003;6.262544e+003
1.111019e+003;6.258327e+003
1.112128e+003;6.338884e+003
1.113236e+003;6.297438e+003
1.114345e+003;6.331220e+003
1.115453e+003;6.205486e+003
1.116562e+003;6.268585e+003
1.117670e+003;6.425595e+003
1.118778e+003;6.445282e+003
1.119887e+003;6.329556e+003
1.120995e+003;6.312272e+003
1.122104e+003;6.231582e+003
1.123212e+003;6.349073e+003
1.124321e+003;6.312327e+003
1.125429e+003;6.371660e+003
1.126538e+003;6.415537e+003
1.127646e+003;6.415197e+003
1.128755e+003;6.391837e+003
1.129863e+003;6.313965e+003
1.130971e+003;6.535895e+003
1.132080e+003;6.395104e+003
1.133188e+003;6.374738e+003
1.134297e+003;6.288962e+003
1.135405e+003;6.390901e+003
1.136514e+003;6.405545e+003
1.137622e+003;6.331342e+003
1.138731e+003;6.326412e+003
1.139839e+003;6.435753e+003
1.140948e+003;6.379444e+003
1.142056e+003;6.418094e+003
1.143164e+003;6.476966e+003
1.144273e+003;6.599407e+003
1.145381e+003;6.445362e+003
1.146490e+003;6.501678e+003
1.147598e+003;6.257964e+003
1.148707e+003;6.411767e+003
1.149815e+003;6.417852e+003
1.150924e+003;6.468414e+003
1.152032e+003;6.646309e+003
1.153141e+003;6.475131e+003
1.154249e+003;6.463255e+003
1.155357e+003;6.477780e+003
1.156466e+003;6.473662e+003
1.157574e+003;6.521308e+003
1.158683e+003;6.600637e+003
1.159791e+003;6.596074e+003
1.160900e+003;6.604841e+003
1.162008e+003;6.576467e+003
1.163117e+003;6.544464e+003
1.164225e+003;6.694139e+003
1.165333e+003;6.676329e+003
1.166442e+003;6.509176e+003
1.167550e+003;6.474614e+003
1.168659e+003;6.670305e+003
1.169767e+003;6.730292e+003
1.170876e+003;6.805611e+003
1.171984e+003;6.421574e+003
1.173093e+003;6.440756e+003
1.174201e+003;6.619230e+003
1.175310e+003;6.769211e+003
1.176418e+003;6.730679e+003
1.177526e+003;6.774687e+003
1.178635e+003;6.773672e+003
1.179743e+003;6.699471e+003
1.180852e+003;6.791954e+003
1.181960e+003;6.542628e+003
1.183069e+003;6.776317e+003
1.184177e+003;6.778627e+003
1.185286e+003;6.659386e+003
1.186394e+003;6.705839e+003
1.187503e+003;7.002943e+003
1.188611e+003;6.798165e+003
1.189720e+003;6.927788e+003
1.190828e+003;6.764197e+003
1.191936e+003;6.988492e+003
1.193045e+003;6.885205e+003
1.194153e+003;6.979928e+003
1.195262e+003;6.926380e+003
1.196370e+003;6.712620e+003
1.197479e+003;6.717962e+003
1.198587e+003;6.966163e+003
1.199696e+003;7.119425e+003
1.200804e+003;6.841129e+003
1.201913e+003;6.947695e+003
1.203021e+003;6.994047e+003
1.204130e+003;6.809167e+003
1.205238e+003;6.921393e+003
1.206346e+003;6.897066e+003
1.207455e+003;6.935491e+003
1.208563e+003;6.862001e+003
1.209672e+003;6.896428e+003
1.210780e+003;6.947620e+003
1.211889e+003;6.862557e+003
1.212997e+003;7.112900e+003
1.214106e+003;6.967088e+003
1.215214e+003;7.034667e+003
1.216323e+003;6.955917e+003
1.217431e+003;6.993923e+003
1.218539e+003;7.031922e+003
1.219648e+003;7.043417e+003
1.220756e+003;7.180545e+003
1.221865e+003;7.068833e+003
1.222973e+003;7.241195e+003
1.224082e+003;7.212102e+003
1.225190e+003;7.081161e+003
1.226299e+003;7.091073e+003
1.227407e+003;7.153666e+003
1.228516e+003;7.252782e+003
1.229624e+003;7.308717e+003
1.230732e+003;7.248492e+003
1.231841e+003;7.170634e+003
1.232949e+003;7.270097e+003
1.234058e+003;7.216444e+003
1.235166e+003;7.395248e+003
1.236275e+003;7.311418e+003
1.237383e+003;7.342739e+003
1.238492e+003;7.372131e+003
1.239600e+003;7.173043e+003
1.240708e+003;7.456027e+003
1.241817e+003;7.600453e+003
1.242925e+003;7.574357e+003
1.244034e+003;7.579031e+003
1.245142e+003;7.655608e+003
1.246251e+003;7.585247e+003
1.247359e+003;7.561542e+003
1.248468e+003;7.496070e+003
1.249576e+003;7.571160e+003
1.250685e+003;7.664839e+003
1.251793e+003;7.670287e+003
1.252901e+003;7.630114e+003
1.254010e+003;7.649699e+003
1.255118e+003;7.766749e+003
1.256227e+003;7.838755e+003
1.257335e+003;7.737879e+003
1.258444e+003;7.611583e+003
1.259552e+003;7.911026e+003
1.260661e+003;7.982773e+003
1.261769e+003;7.907444e+003
1.262878e+003;7.758238e+003
1.263986e+003;7.802007e+003
1.265094e+003;7.917927e+003
1.266203e+003;7.917250e+003
1.267311e+003;7.948437e+003
1.268420e+003;7.943637e+003
1.269528e+003;8.126214e+003
1.270637e+003;8.029875e+003
1.271745e+003;7.969018e+003
1.272854e+003;8.067884e+003
1.273962e+003;7.965310e+003
1.275071e+003;8.123701e+003
1.276179e+003;8.265373e+003
1.277287e+003;8.354785e+003
1.278396e+003;8.339987e+003
1.279504e+003;8.290248e+003
1.280613e+003;8.190520e+003
1.281721e+003;8.257782e+003
1.282830e+003;8.155532e+003
1.283938e+003;8.442813e+003
1.285047e+003;8.404509e+003
1.286155e+003;8.263836e+003
1.287264e+003;8.193700e+003
1.288372e+003;8.444692e+003
1.289480e+003;8.466264e+003
1.290589e+003;8.272387e+003
1.291697e+003;8.319160e+003
1.292806e+003;8.314285e+003
1.293914e+003;8.338099e+003
1.295023e+003;8.363968e+003
1.296131e+003;8.357814e+003
1.297240e+003;8.384362e+003
1.298348e+003;8.444138e+003
1.299457e+003;8.545364e+003
1.300565e+003;8.428465e+003
1.301673e+003;8.559601e+003
1.302782e+003;8.550063e+003
1.303890e+003;8.496735e+003
1.304999e+003;8.575071e+003
1.306107e+003;8.415729e+003
1.307216e+003;8.527199e+003
1.308324e+003;8.247899e+003
1.309433e+003;8.359314e+003
1.310541e+003;8.588965e+003
1.311650e+003;8.555748e+003
1.312758e+003;8.154761e+003
1.313866e+003;8.372079e+003
1.314975e+003;8.180270e+003
1.316083e+003;8.483320e+003
1.317192e+003;8.204390e+003
1.318300e+003;8.178235e+003
1.319409e+003;8.237861e+003
1.320517e+003;8.209387e+003
1.321626e+003;8.210627e+003
1.322734e+003;8.153649e+003
1.323843e+003;8.168540e+003
1.324951e+003;8.171582e+003
1.326059e+003;8.152723e+003
1.327168e+003;8.221036e+003
1.328276e+003;8.185201e+003
1.329385e+003;8.059233e+003
1.330493e+003;8.032986e+003
1.331602e+003;8.108822e+003
1.332710e+003;8.137659e+003
1.333819e+003;8.002820e+003
1.334927e+003;7.957999e+003
1.336036e+003;7.964206e+003
1.337144e+003;8.015579e+003
1.338252e+003;7.999619e+003
1.339361e+003;7.955901e+003
1.340469e+003;7.813497e+003
1.341578e+003;7.787324e+003
1.342686e+003;7.774080e+003
1.343795e+003;7.864458e+003
1.344903e+003;7.863427e+003
1.346012e+003;7.575916e+003
1.347120e+003;7.800376e+003
1.348229e+003;7.689017e+003
1.349337e+003;7.547790e+003
1.350446e+003;7.529960e+003
1.351554e+003;7.549902e+003
1.352662e+003;7.718228e+003
1.353771e+003;7.535661e+003
1.354879e+003;7.508669e+003
1.355988e+003;7.474808e+003
1.357096e+003;7.262345e+003
1.358205e+003;7.583475e+003
1.359313e+003;7.399811e+003
1.360422e+003;7.444384e+003
1.361530e+003;7.373801e+003
1.362639e+003;7.501748e+003
1.363747e+003;7.408498e+003
1.364855e+003;7.258832e+003
1.365964e+003;7.304188e+003
1.367072e+003;7.226635e+003
1.368181e+003;7.147131e+003
1.369289e+003;7.124153e+003
1.370398e+003;7.068815e+003
1.371506e+003;7.125368e+003
1.372615e+003;7.236146e+003
1.373723e+003;7.137163e+003
1.374832e+003;7.016567e+003
1.375940e+003;6.948811e+003
1.377048e+003;6.944316e+003
1.378157e+003;6.928768e+003
1.379265e+003;7.093544e+003
1.380374e+003;7.128276e+003
1.381482e+003;6.851090e+003
1.382591e+003;6.841193e+003
1.383699e+003;6.889583e+003
1.384808e+003;6.962558e+003
1.385916e+003;6.727741e+003
1.387025e+003;6.851792e+003
1.388133e+003;6.841896e+003
1.389241e+003;6.782089e+003
1.390350e+003;6.818597e+003
1.391458e+003;6.745152e+003
1.392567e+003;6.640896e+003
1.393675e+003;6.693315e+003
1.394784e+003;6.865055e+003
1.395892e+003;6.577185e+003
1.397001e+003;6.839967e+003
1.398109e+003;6.774194e+003
1.399218e+003;6.726593e+003
1.400326e+003;6.715897e+003
1.401434e+003;6.693918e+003
1.402543e+003;6.706310e+003
1.403651e+003;6.542093e+003
1.404760e+003;6.673995e+003
1.405868e+003;6.669702e+003
1.406977e+003;6.833737e+003
1.408085e+003;6.519604e+003
1.409194e+003;6.562251e+003
1.410302e+003;6.614590e+003
1.411411e+003;6.650219e+003
1.412519e+003;6.549883e+003
1.413627e+003;6.502705e+003
1.414736e+003;6.527215e+003
1.415844e+003;6.582126e+003
1.416953e+003;6.294197e+003
1.418061e+003;6.519500e+003
1.419170e+003;6.375460e+003
1.420278e+003;6.390198e+003
1.421387e+003;6.298437e+003
1.422495e+003;6.436183e+003
1.423604e+003;6.349725e+003
1.424712e+003;6.412659e+003
1.425820e+003;6.391459e+003
1.426929e+003;6.348836e+003
1.428037e+003;6.295687e+003
1.429146e+003;6.205643e+003
1.430254e+003;6.243423e+003
1.431363e+003;6.244677e+003
1.432471e+003;6.312207e+003
1.433580e+003;6.295450e+003
1.434688e+003;6.324329e+003
1.435797e+003;6.209783e+003
1.436905e+003;6.177595e+003
1.438013e+003;6.301595e+003
1.439122e+003;6.376978e+003
1.440230e+003;6.160773e+003
1.441339e+003;6.231726e+003
1.442447e+003;6.233467e+003
1.443556e+003;6.071122e+003
1.444664e+003;6.183701e+003
1.445773e+003;6.110836e+003
1.446881e+003;6.183885e+003
1.447990e+003;6.253692e+003
1.449098e+003;6.258033e+003
1.450206e+003;6.168713e+003
1.451315e+003;6.017220e+003
1.452423e+003;6.087075e+003
1.453532e+003;6.045601e+003
1.454640e+003;6.015363e+003
1.455749e+003;6.084055e+003
1.456857e+003;6.096714e+003
1.457966e+003;6.077946e+003
1.459074e+003;6.370995e+003
1.460182e+003;6.079210e+003
1.461291e+003;6.066768e+003
1.462399e+003;6.170362e+003
1.463508e+003;6.001375e+003
1.464616e+003;6.051486e+003
1.465725e+003;6.139648e+003
1.466833e+003;6.122546e+003
1.467942e+003;6.005886e+003
1.469050e+003;6.101022e+003
1.470159e+003;6.203962e+003
1.471267e+003;6.077093e+003
1.472375e+003;5.997334e+003
1.473484e+003;6.082289e+003
1.474592e+003;5.980872e+003
1.475701e+003;6.119575e+003
1.476809e+003;6.122545e+003
1.477918e+003;5.790738e+003
1.479026e+003;6.155928e+003
1.480135e+003;6.061643e+003
1.481243e+003;5.829971e+003
1.482352e+003;5.870821e+003
1.483460e+003;5.986726e+003
1.484568e+003;5.990204e+003
1.485677e+003;6.057015e+003
1.486785e+003;6.020893e+003
1.487894e+003;6.063029e+003
1.489002e+003;5.964453e+003
1.490111e+003;5.893908e+003
1.491219e+003;5.949682e+003
1.492328e+003;5.793215e+003
1.493436e+003;5.864664e+003
1.494545e+003;5.878627e+003
1.495653e+003;5.966612e+003
1.496761e+003;5.893747e+003
1.497870e+003;5.740969e+003
1.498978e+003;5.691458e+003
1.500087e+003;5.938475e+003
1.501195e+003;5.780662e+003
1.502304e+003;5.898977e+003
1.503412e+003;5.937912e+003
1.504521e+003;5.871064e+003
1.505629e+003;5.838067e+003
1.506738e+003;5.808112e+003
1.507846e+003;5.837655e+003
1.508955e+003;5.830910e+003
1.510063e+003;5.837610e+003
1.511171e+003;5.771153e+003
1.512280e+003;5.891500e+003
1.513388e+003;5.828143e+003
1.514497e+003;5.805371e+003
1.515605e+003;5.789396e+003
1.516714e+003;5.737121e+003
1.517822e+003;5.826000e+003
1.518931e+003;5.927309e+003
1.520039e+003;5.585954e+003
1.521148e+003;5.747112e+003
1.522256e+003;5.747562e+003
1.523365e+003;5.797405e+003
1.524473e+003;5.881539e+003
1.525581e+003;5.836479e+003
1.526690e+003;5.824245e+003
1.527798e+003;5.686196e+003
1.528907e+003;5.706277e+003
1.530015e+003;5.640083e+003
1.531124e+003;5.803760e+003
1.532232e+003;5.790250e+003
1.533341e+003;5.786158e+003
1.534449e+003;5.544489e+003
1.535557e+003;5.714870e+003
1.536666e+003;5.490833e+003
1.537774e+003;5.673328e+003
1.538883e+003;5.463710e+003
1.539991e+003;5.597323e+003
1.541100e+003;5.595166e+003
1.542208e+003;5.503614e+003
1.543317e+003;5.476048e+003
1.544425e+003;5.651629e+003
1.545534e+003;5.692323e+003
1.546642e+003;5.678310e+003
1.547750e+003;5.606021e+003
1.548859e+003;5.496502e+003
1.549967e+003;5.700154e+003
1.551076e+003;5.678540e+003
1.552184e+003;5.600770e+003
1.553293e+003;5.407924e+003
1.554401e+003;5.422947e+003
1.555510e+003;5.531095e+003
1.556618e+003;5.568139e+003
1.557727e+003;5.544115e+003
1.558835e+003;5.523826e+003
1.559943e+003;5.423599e+003
1.561052e+003;5.340039e+003
1.562160e+003;5.270371e+003
1.563269e+003;5.398997e+003
1.564377e+003;5.453425e+003
1.565486e+003;5.308288e+003
1.566594e+003;5.334988e+003
1.567703e+003;5.268104e+003
1.568811e+003;5.395339e+003
1.569920e+003;5.360609e+003
1.571028e+003;5.160044e+003
1.572136e+003;5.267578e+003
1.573245e+003;5.465067e+003
1.574353e+003;5.433279e+003
1.575462e+003;5.262178e+003
1.576570e+003;5.436713e+003
1.577679e+003;5.442948e+003
1.578787e+003;5.165721e+003
1.579896e+003;5.255570e+003
1.581004e+003;5.273857e+003
1.582113e+003;5.240798e+003
1.583221e+003;5.195383e+003
1.584329e+003;5.272523e+003
1.585438e+003;5.224765e+003
1.586546e+003;5.230120e+003
1.587655e+003;5.113187e+003
1.588763e+003;5.243795e+003
1.589872e+003;5.323400e+003
1.590980e+003;5.129110e+003
1.592089e+003;5.210521e+003
1.593197e+003;5.181780e+003
1.594306e+003;5.076098e+003
1.595414e+003;5.124893e+003
1.596522e+003;5.207085e+003
1.597631e+003;4.973144e+003
1.598739e+003;5.095272e+003
1.599848e+003;5.145384e+003
1.600956e+003;5.190536e+003
1.602065e+003;5.238838e+003
1.603173e+003;5.050351e+003
1.604282e+003;5.110727e+003
1.605390e+003;5.173294e+003
1.606499e+003;5.086442e+003
1.607607e+003;5.253687e+003
1.608715e+003;5.095369e+003
1.609824e+003;5.159801e+003
1.610932e+003;4.996669e+003
1.612041e+003;5.238530e+003
1.613149e+003;5.074988e+003
1.614258e+003;5.155508e+003
1.615366e+003;5.044166e+003
1.616475e+003;5.107762e+003
1.617583e+003;4.900522e+003
1.618692e+003;5.075179e+003
1.619800e+003;4.901995e+003
1.620908e+003;5.031737e+003
1.622017e+003;4.915001e+003
1.623125e+003;5.005470e+003
1.624234e+003;5.008987e+003
1.625342e+003;4.936195e+003
1.626451e+003;4.982781e+003
1.627559e+003;4.939405e+003
1.628668e+003;4.850314e+003
1.629776e+003;4.939464e+003
1.630885e+003;5.030369e+003
1.631993e+003;5.070860e+003
1.633101e+003;5.070943e+003
1.634210e+003;4.920311e+003
1.635318e+003;4.839329e+003
1.636427e+003;4.861655e+003
1.637535e+003;4.877851e+003
1.638644e+003;4.889324e+003
1.639752e+003;4.902728e+003
1.640861e+003;4.842794e+003
1.641969e+003;4.770263e+003
1.643078e+003;4.952378e+003
1.644186e+003;4.945713e+003
1.645294e+003;4.908375e+003
1.646403e+003;4.885034e+003
1.647511e+003;4.943353e+003
1.648620e+003;4.829260e+003
1.649728e+003;4.921210e+003
1.650837e+003;4.914583e+003
1.651945e+003;4.943716e+003
1.653054e+003;4.903072e+003
1.654162e+003;4.972053e+003
1.655271e+003;4.719745e+003
1.656379e+003;4.794772e+003
1.657487e+003;4.781289e+003
1.658596e+003;4.680272e+003
1.659704e+003;4.812205e+003
1.660813e+003;4.784255e+003
1.661921e+003;4.775004e+003
1.663030e+003;4.880619e+003
1.664138e+003;4.716909e+003
1.665247e+003;4.846909e+003
1.666355e+003;4.963670e+003
1.667464e+003;4.826120e+003
1.668572e+003;4.697909e+003
1.669681e+003;4.697294e+003
1.670789e+003;4.591961e+003
1.671897e+003;4.690876e+003
1.673006e+003;4.696607e+003
1.674114e+003;4.735115e+003
1.675223e+003;4.645011e+003
1.676331e+003;4.556650e+003
1.677440e+003;4.652730e+003
1.678548e+003;4.641734e+003
1.679657e+003;4.733852e+003
1.680765e+003;4.600746e+003
1.681874e+003;4.762782e+003
1.682982e+003;4.677168e+003
1.684090e+003;4.418000e+003
1.685199e+003;4.495465e+003
1.686307e+003;4.441354e+003
1.687416e+003;4.478547e+003
1.688524e+003;4.565038e+003
1.689633e+003;4.462792e+003
1.690741e+003;4.530926e+003
1.691850e+003;4.512245e+003
1.692958e+003;4.475438e+003
1.694067e+003;4.481720e+003
1.695175e+003;4.363525e+003
1.696283e+003;4.357631e+003
1.697392e+003;4.399337e+003
1.698500e+003;4.503677e+003
1.699609e+003;4.450627e+003
1.700717e+003;4.423904e+003
1.701826e+003;4.363493e+003
1.702934e+003;4.367607e+003
1.704043e+003;4.341054e+003
1.705151e+003;4.384373e+003
1.706260e+003;4.367474e+003
1.707368e+003;4.304546e+003
1.708476e+003;4.238293e+003
1.709585e+003;4.356250e+003
1.710693e+003;4.368373e+003
1.711802e+003;4.284141e+003
1.712910e+003;4.339481e+003
1.714019e+003;4.214507e+003
1.715127e+003;4.366195e+003
1.716236e+003;4.279928e+003
1.717344e+003;4.224618e+003
1.718453e+003;4.357481e+003
1.719561e+003;4.409433e+003
1.720669e+003;4.241460e+003
1.721778e+003;4.261186e+003
1.722886e+003;4.156492e+003
1.723995e+003;4.195675e+003
1.725103e+003;4.288771e+003
1.726212e+003;4.288660e+003
1.727320e+003;4.181539e+003
1.728429e+003;4.215471e+003
1.729537e+003;4.148329e+003
1.730646e+003;4.147594e+003
1.731754e+003;4.068803e+003
1.732862e+003;3.913588e+003
1.733971e+003;4.185457e+003
1.735079e+003;4.134781e+003
1.736188e+003;4.017276e+003
1.737296e+003;4.014891e+003
1.738405e+003;4.112000e+003
1.739513e+003;4.063298e+003
1.740622e+003;4.006649e+003
1.741730e+003;3.894364e+003
1.742839e+003;4.091935e+003
1.743947e+003;3.986363e+003
1.745055e+003;4.158097e+003
1.746164e+003;3.905425e+003
1.747272e+003;3.979469e+003
1.748381e+003;4.047749e+003
1.749489e+003;3.942338e+003
1.750598e+003;3.961475e+003
1.751706e+003;3.850583e+003
1.752815e+003;3.849481e+003
1.753923e+003;3.869800e+003
1.755031e+003;4.015385e+003
1.756140e+003;3.912442e+003
1.757248e+003;3.872295e+003
1.758357e+003;3.687349e+003
1.759465e+003;3.808637e+003
1.760574e+003;3.897970e+003
1.761682e+003;3.951664e+003
1.762791e+003;3.892858e+003
1.763899e+003;3.886678e+003
1.765008e+003;3.978409e+003
1.766116e+003;3.861086e+003
1.767224e+003;3.783446e+003
1.768333e+003;3.789803e+003
1.769441e+003;3.651162e+003
1.770550e+003;3.675105e+003
1.771658e+003;3.726043e+003
1.772767e+003;3.799943e+003
1.773875e+003;3.765554e+003
1.774984e+003;3.662000e+003
1.776092e+003;3.662146e+003
1.777201e+003;3.808915e+003
1.778309e+003;3.788608e+003
1.779417e+003;3.684030e+003
1.780526e+003;3.639900e+003
1.781634e+003;3.692876e+003
1.782743e+003;3.810074e+003
1.783851e+003;3.734118e+003
1.784960e+003;3.613198e+003
1.786068e+003;3.606786e+003
1.787177e+003;3.655909e+003
1.788285e+003;3.635739e+003
1.789394e+003;3.507114e+003
1.790502e+003;3.638997e+003
1.791610e+003;3.752912e+003
1.792719e+003;3.583496e+003
1.793827e+003;3.455868e+003
1.794936e+003;3.651041e+003
1.796044e+003;3.634741e+003
1.797153e+003;3.546356e+003
1.798261e+003;3.466847e+003
1.799370e+003;3.555289e+003
1.800478e+003;3.534816e+003
1.801587e+003;3.580353e+003
1.802695e+003;3.525958e+003
1.803803e+003;3.619000e+003
1.804912e+003;3.379198e+003
1.806020e+003;3.539339e+003
1.807129e+003;3.524705e+003
1.808237e+003;3.547233e+003
1.809346e+003;3.496075e+003
1.810454e+003;3.518219e+003
1.811563e+003;3.417257e+003
1.812671e+003;3.421953e+003
1.813780e+003;3.530743e+003
1.814888e+003;3.500717e+003
1.815997e+003;3.296138e+003
1.817105e+003;3.419439e+003
1.818213e+003;3.478844e+003
1.819322e+003;3.375492e+003
1.820430e+003;3.248105e+003
1.821539e+003;3.382661e+003
1.822647e+003;3.369660e+003
1.823756e+003;3.335792e+003
1.824864e+003;3.445841e+003
1.825973e+003;3.434345e+003
1.827081e+003;3.424000e+003
1.828190e+003;3.310954e+003
1.829298e+003;3.309525e+003
1.830406e+003;3.369917e+003
1.831515e+003;3.328560e+003
1.832623e+003;3.297592e+003
1.833732e+003;3.302961e+003
1.834840e+003;3.293859e+003
1.835949e+003;3.295603e+003
1.837057e+003;3.228445e+003
1.838166e+003;3.307835e+003
1.839274e+003;3.427891e+003
1.840383e+003;3.337379e+003
1.841491e+003;3.276366e+003
1.842599e+003;3.061015e+003
1.843708e+003;3.195400e+003
1.844816e+003;3.078905e+003
1.845925e+003;3.244279e+003
1.847033e+003;3.372728e+003
1.848142e+003;3.173293e+003
1.849250e+003;3.201000e+003
1.850359e+003;3.143037e+003
1.851467e+003;3.117375e+003
1.852576e+003;3.259223e+003
1.853684e+003;3.214222e+003
1.854792e+003;3.052885e+003
1.855901e+003;3.206666e+003
1.857009e+003;3.155734e+003
1.858118e+003;3.164523e+003
1.859226e+003;3.176689e+003
1.860335e+003;3.051710e+003
1.861443e+003;3.026706e+003
1.862552e+003;2.991183e+003
1.863660e+003;3.078756e+003
1.864769e+003;3.051520e+003
1.865877e+003;3.262185e+003
1.866985e+003;3.007159e+003
1.868094e+003;2.959631e+003
1.869202e+003;2.946000e+003
1.870311e+003;3.027879e+003
1.871419e+003;3.032632e+003
1.872528e+003;3.086823e+003
1.873636e+003;2.965851e+003
1.874745e+003;3.180495e+003
1.875853e+003;3.050090e+003
1.876962e+003;2.975139e+003
1.878070e+003;2.891180e+003
1.879178e+003;3.082760e+003
1.880287e+003;3.012258e+003
1.881395e+003;3.017876e+003
1.882504e+003;3.026645e+003
1.883612e+003;3.056885e+003
1.884721e+003;2.929702e+003
1.885829e+003;3.086059e+003
1.886938e+003;2.929331e+003
1.888046e+003;2.958000e+003
1.889155e+003;3.054848e+003
1.890263e+003;3.024486e+003
1.891371e+003;2.963340e+003
1.892480e+003;3.021195e+003
1.893588e+003;2.893520e+003
1.894697e+003;2.801627e+003
1.895805e+003;2.921212e+003
1.896914e+003;2.978287e+003
1.898022e+003;2.876748e+003
1.899131e+003;2.931732e+003
1.900239e+003;2.869501e+003
1.901348e+003;2.933441e+003
1.902456e+003;2.866120e+003
1.903564e+003;2.769475e+003
1.904673e+003;2.719671e+003
1.905781e+003;2.719000e+003
1.906890e+003;2.865624e+003
1.907998e+003;2.638009e+003
1.909107e+003;2.844345e+003
1.910215e+003;2.789052e+003
1.911324e+003;2.769169e+003
1.912432e+003;2.754013e+003
1.913541e+003;2.770168e+003
1.914649e+003;2.776391e+003
1.915757e+003;2.860888e+003
1.916866e+003;2.844503e+003
1.917974e+003;2.803874e+003
1.919083e+003;2.794760e+003
1.920191e+003;2.851597e+003
1.921300e+003;2.749000e+003
1.922408e+003;2.727327e+003
1.923517e+003;2.739394e+003
1.924625e+003;2.802591e+003
1.925734e+003;2.661230e+003
1.926842e+003;2.726809e+003
1.927950e+003;2.674367e+003
1.929059e+003;2.691377e+003
1.930167e+003;2.725879e+003
1.931276e+003;2.609404e+003
1.932384e+003;2.650562e+003
1.933493e+003;2.650654e+003
1.934601e+003;2.633839e+003
1.935710e+003;2.677153e+003
1.936818e+003;2.585000e+003
1.937927e+003;2.579291e+003
1.939035e+003;2.684056e+003
1.940143e+003;2.635960e+003
1.941252e+003;2.556398e+003
1.942360e+003;2.580192e+003
1.943469e+003;2.583379e+003
1.944577e+003;2.570661e+003
1.945686e+003;2.737282e+003
1.946794e+003;2.464199e+003
1.947903e+003;2.596692e+003
1.949011e+003;2.529537e+003
1.950120e+003;2.652131e+003
1.951228e+003;2.422000e+003
1.952336e+003;2.400430e+003
1.953445e+003;2.517503e+003
1.954553e+003;2.465552e+003
1.955662e+003;2.580070e+003
1.956770e+003;2.446652e+003
1.957879e+003;2.428500e+003
1.958987e+003;2.505406e+003
1.960096e+003;2.521604e+003
1.961204e+003;2.471546e+003
1.962313e+003;2.440254e+003
1.963421e+003;2.363208e+003
1.964529e+003;2.401745e+003
1.965638e+003;2.536000e+003
1.966746e+003;2.329463e+003
1.967855e+003;2.427000e+003
1.968963e+003;2.331541e+003
1.970072e+003;2.418164e+003
1.971180e+003;2.389594e+003
1.972289e+003;2.349289e+003
1.973397e+003;2.442656e+003
1.974506e+003;2.379760e+003
1.975614e+003;2.377742e+003
1.976722e+003;2.376806e+003
1.977831e+003;2.495633e+003
1.978939e+003;2.406000e+003
1.980048e+003;2.432201e+003
1.981156e+003;2.257507e+003
1.982265e+003;2.420290e+003
1.983373e+003;2.440066e+003
1.984482e+003;2.157092e+003
1.985590e+003;2.374294e+003
1.986699e+003;2.204791e+003
1.987807e+003;2.292476e+003
1.988916e+003;2.341738e+003
1.990024e+003;2.162212e+003
1.991132e+003;2.267000e+003
1.992241e+003;2.255705e+003
1.993349e+003;2.184978e+003
1.994458e+003;2.253698e+003
1.995566e+003;2.344675e+003
1.996675e+003;2.291531e+003
1.997783e+003;2.298534e+003
1.998892e+003;2.074913e+003
2.000000e+003;2.292000e+003
